INFO:     Started server process [7172]
INFO:     Waiting for application startup.
2026-09-09 23:23:26,653 - app.main - INFO - Starting RealEstateGPT (development)
2026-09-09 23:23:26,657 - sqlalchemy.engine.Engine - INFO - BEGIN (implicit)
2026-09-09 23:23:26,658 - sqlalchemy.engine.Engine - INFO - PRAGMA main.table_info("users")
2026-09-09 23:23:26,659 - sqlalchemy.engine.Engine - INFO - [raw sql] ()
2026-09-09 23:23:26,660 - sqlalchemy.engine.Engine - INFO - PRAGMA main.table_info("property_amenities")
2026-09-09 23:23:26,661 - sqlalchemy.engine.Engine - INFO - [raw sql] ()
2026-09-09 23:23:26,662 - sqlalchemy.engine.Engine - INFO - PRAGMA main.table_info("amenities")
2026-09-09 23:23:26,663 - sqlalchemy.engine.Engine - INFO - [raw sql] ()
2026-09-09 23:23:26,664 - sqlalchemy.engine.Engine - INFO - PRAGMA main.table_info("properties")
2026-09-09 23:23:26,665 - sqlalchemy.engine.Engine - INFO - [raw sql] ()
2026-09-09 23:23:26,666 - sqlalchemy.engine.Engine - INFO - PRAGMA main.table_info("saved_properties")
2026-09-09 23:23:26,666 - sqlalchemy.engine.Engine - INFO - [raw sql] ()
2026-09-09 23:23:26,666 - sqlalchemy.engine.Engine - INFO - PRAGMA main.table_info("saved_searches")
2026-09-09 23:23:26,667 - sqlalchemy.engine.Engine - INFO - [raw sql] ()
2026-09-09 23:23:26,667 - sqlalchemy.engine.Engine - INFO - PRAGMA main.table_info("comparisons")
2026-09-09 23:23:26,668 - sqlalchemy.engine.Engine - INFO - [raw sql] ()
2026-09-09 23:23:26,668 - sqlalchemy.engine.Engine - INFO - PRAGMA main.table_info("search_history")
2026-09-09 23:23:26,669 - sqlalchemy.engine.Engine - INFO - [raw sql] ()
2026-09-09 23:23:26,669 - sqlalchemy.engine.Engine - INFO - PRAGMA main.table_info("audit_logs")
2026-09-09 23:23:26,670 - sqlalchemy.engine.Engine - INFO - [raw sql] ()
2026-09-09 23:23:26,671 - sqlalchemy.engine.Engine - INFO - PRAGMA main.table_info("conversations")
2026-09-09 23:23:26,672 - sqlalchemy.engine.Engine - INFO - [raw sql] ()
2026-09-09 23:23:26,674 - sqlalchemy.engine.Engine - INFO - PRAGMA main.table_info("messages")
2026-09-09 23:23:26,676 - sqlalchemy.engine.Engine - INFO - [raw sql] ()
2026-09-09 23:23:26,678 - sqlalchemy.engine.Engine - INFO - PRAGMA main.table_info("recommendations")
2026-09-09 23:23:26,679 - sqlalchemy.engine.Engine - INFO - [raw sql] ()
2026-09-09 23:23:26,681 - sqlalchemy.engine.Engine - INFO - PRAGMA main.table_info("price_predictions")
2026-09-09 23:23:26,681 - sqlalchemy.engine.Engine - INFO - [raw sql] ()
2026-09-09 23:23:26,682 - sqlalchemy.engine.Engine - INFO - PRAGMA main.table_info("documents")
2026-09-09 23:23:26,683 - sqlalchemy.engine.Engine - INFO - [raw sql] ()
2026-09-09 23:23:26,684 - sqlalchemy.engine.Engine - INFO - PRAGMA main.table_info("document_chunks")
2026-09-09 23:23:26,685 - sqlalchemy.engine.Engine - INFO - [raw sql] ()
2026-09-09 23:23:26,686 - sqlalchemy.engine.Engine - INFO - PRAGMA main.table_info("notifications")
2026-09-09 23:23:26,688 - sqlalchemy.engine.Engine - INFO - [raw sql] ()
2026-09-09 23:23:26,690 - sqlalchemy.engine.Engine - INFO - PRAGMA main.table_info("property_verifications")
2026-09-09 23:23:26,692 - sqlalchemy.engine.Engine - INFO - [raw sql] ()
2026-09-09 23:23:26,693 - sqlalchemy.engine.Engine - INFO - PRAGMA main.table_info("nearby_places")
2026-09-09 23:23:26,694 - sqlalchemy.engine.Engine - INFO - [raw sql] ()
2026-09-09 23:23:26,696 - sqlalchemy.engine.Engine - INFO - COMMIT
2026-09-09 23:23:26,697 - app.main - INFO - Database tables created/verified
INFO:     Application startup complete.
INFO:     Uvicorn running on http://127.0.0.1:8000 (Press CTRL+C to quit)
2026-09-09 23:23:54,096 - sqlalchemy.engine.Engine - INFO - BEGIN (implicit)
2026-09-09 23:23:54,101 - sqlalchemy.engine.Engine - INFO - SELECT users.id AS users_id, users.email AS users_email, users.full_name AS users_full_name, users.hashed_password AS users_hashed_password, users.phone AS users_phone, users.role AS users_role, users.is_active AS users_is_active, users.is_email_verified AS users_is_email_verified, users.preferred_cities AS users_preferred_cities, users.budget_min AS users_budget_min, users.budget_max AS users_budget_max, users.created_at AS users_created_at, users.updated_at AS users_updated_at 
FROM users 
WHERE users.email = ?
 LIMIT ? OFFSET ?
2026-09-09 23:23:54,101 - sqlalchemy.engine.Engine - INFO - [generated in 0.00060s] ('verification-edba60e2f149@example.test', 1, 0)
2026-09-09 23:23:54,396 - sqlalchemy.engine.Engine - INFO - INSERT INTO users (email, full_name, hashed_password, phone, role, is_active, is_email_verified, preferred_cities, budget_min, budget_max) VALUES (?, ?, ?, ?, ?, ?, ?, ?, ?, ?) RETURNING id, created_at, updated_at
2026-09-09 23:23:54,397 - sqlalchemy.engine.Engine - INFO - [generated in 0.00161s] ('verification-edba60e2f149@example.test', 'Verification User', '$2b$12$jon/jYPI4pQC4SGsvjukaukCkXbXk1aiOVjTrqNFPwedyHwuT.HEe', None, 'user', 1, 0, None, None, None)
2026-09-09 23:23:54,398 - sqlalchemy.engine.Engine - INFO - COMMIT
2026-09-09 23:23:54,401 - sqlalchemy.engine.Engine - INFO - BEGIN (implicit)
2026-09-09 23:23:54,402 - sqlalchemy.engine.Engine - INFO - SELECT users.id, users.email, users.full_name, users.hashed_password, users.phone, users.role, users.is_active, users.is_email_verified, users.preferred_cities, users.budget_min, users.budget_max, users.created_at, users.updated_at 
FROM users 
WHERE users.id = ?
2026-09-09 23:23:54,403 - sqlalchemy.engine.Engine - INFO - [generated in 0.00073s] (4,)
2026-09-09 23:23:54,409 - sqlalchemy.engine.Engine - INFO - ROLLBACK
2026-09-09 23:23:54,439 - sqlalchemy.engine.Engine - INFO - BEGIN (implicit)
2026-09-09 23:23:54,440 - sqlalchemy.engine.Engine - INFO - SELECT users.id AS users_id, users.email AS users_email, users.full_name AS users_full_name, users.hashed_password AS users_hashed_password, users.phone AS users_phone, users.role AS users_role, users.is_active AS users_is_active, users.is_email_verified AS users_is_email_verified, users.preferred_cities AS users_preferred_cities, users.budget_min AS users_budget_min, users.budget_max AS users_budget_max, users.created_at AS users_created_at, users.updated_at AS users_updated_at 
FROM users 
WHERE users.email = ?
 LIMIT ? OFFSET ?
2026-09-09 23:23:54,440 - sqlalchemy.engine.Engine - INFO - [cached since 0.3395s ago] ('verification-edba60e2f149@example.test', 1, 0)
2026-09-09 23:23:54,734 - sqlalchemy.engine.Engine - INFO - ROLLBACK
2026-09-09 23:23:54,744 - sqlalchemy.engine.Engine - INFO - BEGIN (implicit)
2026-09-09 23:23:54,746 - sqlalchemy.engine.Engine - INFO - SELECT users.id AS users_id, users.email AS users_email, users.full_name AS users_full_name, users.hashed_password AS users_hashed_password, users.phone AS users_phone, users.role AS users_role, users.is_active AS users_is_active, users.is_email_verified AS users_is_email_verified, users.preferred_cities AS users_preferred_cities, users.budget_min AS users_budget_min, users.budget_max AS users_budget_max, users.created_at AS users_created_at, users.updated_at AS users_updated_at 
FROM users 
WHERE users.id = ?
 LIMIT ? OFFSET ?
2026-09-09 23:23:54,746 - sqlalchemy.engine.Engine - INFO - [generated in 0.00047s] (4, 1, 0)
2026-09-09 23:23:54,749 - sqlalchemy.engine.Engine - INFO - SELECT count(properties.id) AS count_1 
FROM properties 
WHERE properties.is_active = 1 AND lower(properties.city) LIKE lower(?) AND properties.bedrooms = ?
2026-09-09 23:23:54,750 - sqlalchemy.engine.Engine - INFO - [generated in 0.00046s] ('%Hyderabad%', 2)
2026-09-09 23:23:54,760 - sqlalchemy.engine.Engine - INFO - SELECT anon_1.properties_id AS anon_1_properties_id, anon_1.properties_title AS anon_1_properties_title, anon_1.properties_description AS anon_1_properties_description, anon_1.properties_slug AS anon_1_properties_slug, anon_1.properties_price AS anon_1_properties_price, anon_1.properties_price_per_sqft AS anon_1_properties_price_per_sqft, anon_1.properties_maintenance_charge AS anon_1_properties_maintenance_charge, anon_1.properties_property_type AS anon_1_properties_property_type, anon_1.properties_listing_type AS anon_1_properties_listing_type, anon_1.properties_bedrooms AS anon_1_properties_bedrooms, anon_1.properties_bathrooms AS anon_1_properties_bathrooms, anon_1.properties_balconies AS anon_1_properties_balconies, anon_1.properties_area_sqft AS anon_1_properties_area_sqft, anon_1.properties_carpet_area_sqft AS anon_1_properties_carpet_area_sqft, anon_1.properties_floor AS anon_1_properties_floor, anon_1.properties_total_floors AS anon_1_properties_total_floors, anon_1.properties_property_age AS anon_1_properties_property_age, anon_1.properties_facing AS anon_1_properties_facing, anon_1.properties_furnishing AS anon_1_properties_furnishing, anon_1.properties_parking AS anon_1_properties_parking, anon_1.properties_construction_status AS anon_1_properties_construction_status, anon_1.properties_address AS anon_1_properties_address, anon_1.properties_locality AS anon_1_properties_locality, anon_1.properties_city AS anon_1_properties_city, anon_1.properties_state AS anon_1_properties_state, anon_1.properties_pincode AS anon_1_properties_pincode, anon_1.properties_latitude AS anon_1_properties_latitude, anon_1.properties_longitude AS anon_1_properties_longitude, anon_1.properties_builder_name AS anon_1_properties_builder_name, anon_1.properties_project_name AS anon_1_properties_project_name, anon_1.properties_source AS anon_1_properties_source, anon_1.properties_source_url AS anon_1_properties_source_url, anon_1.properties_source_id AS anon_1_properties_source_id, anon_1.properties_verification_status AS anon_1_properties_verification_status, anon_1.properties_is_featured AS anon_1_properties_is_featured, anon_1.properties_is_active AS anon_1_properties_is_active, anon_1.properties_is_synthetic AS anon_1_properties_is_synthetic, anon_1.properties_image_urls AS anon_1_properties_image_urls, anon_1.properties_listed_at AS anon_1_properties_listed_at, anon_1.properties_created_at AS anon_1_properties_created_at, anon_1.properties_updated_at AS anon_1_properties_updated_at, amenities_1.id AS amenities_1_id, amenities_1.name AS amenities_1_name, amenities_1.category AS amenities_1_category, amenities_1.icon AS amenities_1_icon 
FROM (SELECT properties.id AS properties_id, properties.title AS properties_title, properties.description AS properties_description, properties.slug AS properties_slug, properties.price AS properties_price, properties.price_per_sqft AS properties_price_per_sqft, properties.maintenance_charge AS properties_maintenance_charge, properties.property_type AS properties_property_type, properties.listing_type AS properties_listing_type, properties.bedrooms AS properties_bedrooms, properties.bathrooms AS properties_bathrooms, properties.balconies AS properties_balconies, properties.area_sqft AS properties_area_sqft, properties.carpet_area_sqft AS properties_carpet_area_sqft, properties.floor AS properties_floor, properties.total_floors AS properties_total_floors, properties.property_age AS properties_property_age, properties.facing AS properties_facing, properties.furnishing AS properties_furnishing, properties.parking AS properties_parking, properties.construction_status AS properties_construction_status, properties.address AS properties_address, properties.locality AS properties_locality, properties.city AS properties_city, properties.state AS properties_state, properties.pincode AS properties_pincode, properties.latitude AS properties_latitude, properties.longitude AS properties_longitude, properties.builder_name AS properties_builder_name, properties.project_name AS properties_project_name, properties.source AS properties_source, properties.source_url AS properties_source_url, properties.source_id AS properties_source_id, properties.verification_status AS properties_verification_status, properties.is_featured AS properties_is_featured, properties.is_active AS properties_is_active, properties.is_synthetic AS properties_is_synthetic, properties.image_urls AS properties_image_urls, properties.listed_at AS properties_listed_at, properties.created_at AS properties_created_at, properties.updated_at AS properties_updated_at 
FROM properties 
WHERE properties.is_active = 1 AND lower(properties.city) LIKE lower(?) AND properties.bedrooms = ? ORDER BY properties.created_at DESC
 LIMIT ? OFFSET ?) AS anon_1 LEFT OUTER JOIN (property_amenities AS property_amenities_1 JOIN amenities AS amenities_1 ON amenities_1.id = property_amenities_1.amenity_id) ON anon_1.properties_id = property_amenities_1.property_id ORDER BY anon_1.properties_created_at DESC
2026-09-09 23:23:54,761 - sqlalchemy.engine.Engine - INFO - [generated in 0.00100s] ('%Hyderabad%', 2, 4, 0)
2026-09-09 23:23:54,764 - sqlalchemy.engine.Engine - INFO - SELECT saved_properties.property_id AS saved_properties_property_id 
FROM saved_properties 
WHERE saved_properties.user_id = ?
2026-09-09 23:23:54,765 - sqlalchemy.engine.Engine - INFO - [generated in 0.00048s] (4,)
2026-09-09 23:23:54,766 - sqlalchemy.engine.Engine - INFO - ROLLBACK
2026-09-09 23:23:54,788 - sqlalchemy.engine.Engine - INFO - BEGIN (implicit)
2026-09-09 23:23:54,789 - sqlalchemy.engine.Engine - INFO - SELECT users.id AS users_id, users.email AS users_email, users.full_name AS users_full_name, users.hashed_password AS users_hashed_password, users.phone AS users_phone, users.role AS users_role, users.is_active AS users_is_active, users.is_email_verified AS users_is_email_verified, users.preferred_cities AS users_preferred_cities, users.budget_min AS users_budget_min, users.budget_max AS users_budget_max, users.created_at AS users_created_at, users.updated_at AS users_updated_at 
FROM users 
WHERE users.id = ?
 LIMIT ? OFFSET ?
2026-09-09 23:23:54,790 - sqlalchemy.engine.Engine - INFO - [cached since 0.04417s ago] (4, 1, 0)
2026-09-09 23:23:54,797 - sqlalchemy.engine.Engine - INFO - SELECT anon_1.properties_id AS anon_1_properties_id, anon_1.properties_title AS anon_1_properties_title, anon_1.properties_description AS anon_1_properties_description, anon_1.properties_slug AS anon_1_properties_slug, anon_1.properties_price AS anon_1_properties_price, anon_1.properties_price_per_sqft AS anon_1_properties_price_per_sqft, anon_1.properties_maintenance_charge AS anon_1_properties_maintenance_charge, anon_1.properties_property_type AS anon_1_properties_property_type, anon_1.properties_listing_type AS anon_1_properties_listing_type, anon_1.properties_bedrooms AS anon_1_properties_bedrooms, anon_1.properties_bathrooms AS anon_1_properties_bathrooms, anon_1.properties_balconies AS anon_1_properties_balconies, anon_1.properties_area_sqft AS anon_1_properties_area_sqft, anon_1.properties_carpet_area_sqft AS anon_1_properties_carpet_area_sqft, anon_1.properties_floor AS anon_1_properties_floor, anon_1.properties_total_floors AS anon_1_properties_total_floors, anon_1.properties_property_age AS anon_1_properties_property_age, anon_1.properties_facing AS anon_1_properties_facing, anon_1.properties_furnishing AS anon_1_properties_furnishing, anon_1.properties_parking AS anon_1_properties_parking, anon_1.properties_construction_status AS anon_1_properties_construction_status, anon_1.properties_address AS anon_1_properties_address, anon_1.properties_locality AS anon_1_properties_locality, anon_1.properties_city AS anon_1_properties_city, anon_1.properties_state AS anon_1_properties_state, anon_1.properties_pincode AS anon_1_properties_pincode, anon_1.properties_latitude AS anon_1_properties_latitude, anon_1.properties_longitude AS anon_1_properties_longitude, anon_1.properties_builder_name AS anon_1_properties_builder_name, anon_1.properties_project_name AS anon_1_properties_project_name, anon_1.properties_source AS anon_1_properties_source, anon_1.properties_source_url AS anon_1_properties_source_url, anon_1.properties_source_id AS anon_1_properties_source_id, anon_1.properties_verification_status AS anon_1_properties_verification_status, anon_1.properties_is_featured AS anon_1_properties_is_featured, anon_1.properties_is_active AS anon_1_properties_is_active, anon_1.properties_is_synthetic AS anon_1_properties_is_synthetic, anon_1.properties_image_urls AS anon_1_properties_image_urls, anon_1.properties_listed_at AS anon_1_properties_listed_at, anon_1.properties_created_at AS anon_1_properties_created_at, anon_1.properties_updated_at AS anon_1_properties_updated_at, amenities_1.id AS amenities_1_id, amenities_1.name AS amenities_1_name, amenities_1.category AS amenities_1_category, amenities_1.icon AS amenities_1_icon 
FROM (SELECT properties.id AS properties_id, properties.title AS properties_title, properties.description AS properties_description, properties.slug AS properties_slug, properties.price AS properties_price, properties.price_per_sqft AS properties_price_per_sqft, properties.maintenance_charge AS properties_maintenance_charge, properties.property_type AS properties_property_type, properties.listing_type AS properties_listing_type, properties.bedrooms AS properties_bedrooms, properties.bathrooms AS properties_bathrooms, properties.balconies AS properties_balconies, properties.area_sqft AS properties_area_sqft, properties.carpet_area_sqft AS properties_carpet_area_sqft, properties.floor AS properties_floor, properties.total_floors AS properties_total_floors, properties.property_age AS properties_property_age, properties.facing AS properties_facing, properties.furnishing AS properties_furnishing, properties.parking AS properties_parking, properties.construction_status AS properties_construction_status, properties.address AS properties_address, properties.locality AS properties_locality, properties.city AS properties_city, properties.state AS properties_state, properties.pincode AS properties_pincode, properties.latitude AS properties_latitude, properties.longitude AS properties_longitude, properties.builder_name AS properties_builder_name, properties.project_name AS properties_project_name, properties.source AS properties_source, properties.source_url AS properties_source_url, properties.source_id AS properties_source_id, properties.verification_status AS properties_verification_status, properties.is_featured AS properties_is_featured, properties.is_active AS properties_is_active, properties.is_synthetic AS properties_is_synthetic, properties.image_urls AS properties_image_urls, properties.listed_at AS properties_listed_at, properties.created_at AS properties_created_at, properties.updated_at AS properties_updated_at 
FROM properties 
WHERE properties.id = ? AND properties.is_active = 1
 LIMIT ? OFFSET ?) AS anon_1 LEFT OUTER JOIN (property_amenities AS property_amenities_1 JOIN amenities AS amenities_1 ON amenities_1.id = property_amenities_1.amenity_id) ON anon_1.properties_id = property_amenities_1.property_id
2026-09-09 23:23:54,798 - sqlalchemy.engine.Engine - INFO - [generated in 0.00075s] (1, 1, 0)
2026-09-09 23:23:54,801 - sqlalchemy.engine.Engine - INFO - SELECT saved_properties.id AS saved_properties_id, saved_properties.user_id AS saved_properties_user_id, saved_properties.property_id AS saved_properties_property_id, saved_properties.notes AS saved_properties_notes, saved_properties.created_at AS saved_properties_created_at 
FROM saved_properties 
WHERE saved_properties.user_id = ? AND saved_properties.property_id = ?
 LIMIT ? OFFSET ?
2026-09-09 23:23:54,802 - sqlalchemy.engine.Engine - INFO - [generated in 0.00062s] (4, 1, 1, 0)
2026-09-09 23:23:54,804 - sqlalchemy.engine.Engine - INFO - ROLLBACK
2026-09-09 23:23:54,810 - sqlalchemy.engine.Engine - INFO - BEGIN (implicit)
2026-09-09 23:23:54,811 - sqlalchemy.engine.Engine - INFO - SELECT users.id AS users_id, users.email AS users_email, users.full_name AS users_full_name, users.hashed_password AS users_hashed_password, users.phone AS users_phone, users.role AS users_role, users.is_active AS users_is_active, users.is_email_verified AS users_is_email_verified, users.preferred_cities AS users_preferred_cities, users.budget_min AS users_budget_min, users.budget_max AS users_budget_max, users.created_at AS users_created_at, users.updated_at AS users_updated_at 
FROM users 
WHERE users.id = ?
 LIMIT ? OFFSET ?
2026-09-09 23:23:54,811 - sqlalchemy.engine.Engine - INFO - [cached since 0.06575s ago] (4, 1, 0)
2026-09-09 23:23:54,813 - sqlalchemy.engine.Engine - INFO - SELECT anon_1.properties_id AS anon_1_properties_id, anon_1.properties_title AS anon_1_properties_title, anon_1.properties_description AS anon_1_properties_description, anon_1.properties_slug AS anon_1_properties_slug, anon_1.properties_price AS anon_1_properties_price, anon_1.properties_price_per_sqft AS anon_1_properties_price_per_sqft, anon_1.properties_maintenance_charge AS anon_1_properties_maintenance_charge, anon_1.properties_property_type AS anon_1_properties_property_type, anon_1.properties_listing_type AS anon_1_properties_listing_type, anon_1.properties_bedrooms AS anon_1_properties_bedrooms, anon_1.properties_bathrooms AS anon_1_properties_bathrooms, anon_1.properties_balconies AS anon_1_properties_balconies, anon_1.properties_area_sqft AS anon_1_properties_area_sqft, anon_1.properties_carpet_area_sqft AS anon_1_properties_carpet_area_sqft, anon_1.properties_floor AS anon_1_properties_floor, anon_1.properties_total_floors AS anon_1_properties_total_floors, anon_1.properties_property_age AS anon_1_properties_property_age, anon_1.properties_facing AS anon_1_properties_facing, anon_1.properties_furnishing AS anon_1_properties_furnishing, anon_1.properties_parking AS anon_1_properties_parking, anon_1.properties_construction_status AS anon_1_properties_construction_status, anon_1.properties_address AS anon_1_properties_address, anon_1.properties_locality AS anon_1_properties_locality, anon_1.properties_city AS anon_1_properties_city, anon_1.properties_state AS anon_1_properties_state, anon_1.properties_pincode AS anon_1_properties_pincode, anon_1.properties_latitude AS anon_1_properties_latitude, anon_1.properties_longitude AS anon_1_properties_longitude, anon_1.properties_builder_name AS anon_1_properties_builder_name, anon_1.properties_project_name AS anon_1_properties_project_name, anon_1.properties_source AS anon_1_properties_source, anon_1.properties_source_url AS anon_1_properties_source_url, anon_1.properties_source_id AS anon_1_properties_source_id, anon_1.properties_verification_status AS anon_1_properties_verification_status, anon_1.properties_is_featured AS anon_1_properties_is_featured, anon_1.properties_is_active AS anon_1_properties_is_active, anon_1.properties_is_synthetic AS anon_1_properties_is_synthetic, anon_1.properties_image_urls AS anon_1_properties_image_urls, anon_1.properties_listed_at AS anon_1_properties_listed_at, anon_1.properties_created_at AS anon_1_properties_created_at, anon_1.properties_updated_at AS anon_1_properties_updated_at, amenities_1.id AS amenities_1_id, amenities_1.name AS amenities_1_name, amenities_1.category AS amenities_1_category, amenities_1.icon AS amenities_1_icon 
FROM (SELECT properties.id AS properties_id, properties.title AS properties_title, properties.description AS properties_description, properties.slug AS properties_slug, properties.price AS properties_price, properties.price_per_sqft AS properties_price_per_sqft, properties.maintenance_charge AS properties_maintenance_charge, properties.property_type AS properties_property_type, properties.listing_type AS properties_listing_type, properties.bedrooms AS properties_bedrooms, properties.bathrooms AS properties_bathrooms, properties.balconies AS properties_balconies, properties.area_sqft AS properties_area_sqft, properties.carpet_area_sqft AS properties_carpet_area_sqft, properties.floor AS properties_floor, properties.total_floors AS properties_total_floors, properties.property_age AS properties_property_age, properties.facing AS properties_facing, properties.furnishing AS properties_furnishing, properties.parking AS properties_parking, properties.construction_status AS properties_construction_status, properties.address AS properties_address, properties.locality AS properties_locality, properties.city AS properties_city, properties.state AS properties_state, properties.pincode AS properties_pincode, properties.latitude AS properties_latitude, properties.longitude AS properties_longitude, properties.builder_name AS properties_builder_name, properties.project_name AS properties_project_name, properties.source AS properties_source, properties.source_url AS properties_source_url, properties.source_id AS properties_source_id, properties.verification_status AS properties_verification_status, properties.is_featured AS properties_is_featured, properties.is_active AS properties_is_active, properties.is_synthetic AS properties_is_synthetic, properties.image_urls AS properties_image_urls, properties.listed_at AS properties_listed_at, properties.created_at AS properties_created_at, properties.updated_at AS properties_updated_at 
FROM properties 
WHERE properties.id = ? AND properties.is_active = 1
 LIMIT ? OFFSET ?) AS anon_1 LEFT OUTER JOIN (property_amenities AS property_amenities_1 JOIN amenities AS amenities_1 ON amenities_1.id = property_amenities_1.amenity_id) ON anon_1.properties_id = property_amenities_1.property_id
2026-09-09 23:23:54,814 - sqlalchemy.engine.Engine - INFO - [cached since 0.01622s ago] (1, 1, 0)
2026-09-09 23:23:54,815 - sqlalchemy.engine.Engine - INFO - SELECT saved_properties.id AS saved_properties_id, saved_properties.user_id AS saved_properties_user_id, saved_properties.property_id AS saved_properties_property_id, saved_properties.notes AS saved_properties_notes, saved_properties.created_at AS saved_properties_created_at 
FROM saved_properties 
WHERE saved_properties.user_id = ? AND saved_properties.property_id = ?
 LIMIT ? OFFSET ?
2026-09-09 23:23:54,816 - sqlalchemy.engine.Engine - INFO - [cached since 0.01455s ago] (4, 1, 1, 0)
2026-09-09 23:23:54,818 - sqlalchemy.engine.Engine - INFO - INSERT INTO saved_properties (user_id, property_id, notes) VALUES (?, ?, ?) RETURNING id, created_at
2026-09-09 23:23:54,818 - sqlalchemy.engine.Engine - INFO - [generated in 0.00042s] (4, 1, None)
2026-09-09 23:23:54,819 - sqlalchemy.engine.Engine - INFO - COMMIT
2026-09-09 23:23:54,822 - sqlalchemy.engine.Engine - INFO - BEGIN (implicit)
2026-09-09 23:23:54,823 - sqlalchemy.engine.Engine - INFO - SELECT saved_properties.id, saved_properties.user_id, saved_properties.property_id, saved_properties.notes, saved_properties.created_at 
FROM saved_properties 
WHERE saved_properties.id = ?
2026-09-09 23:23:54,824 - sqlalchemy.engine.Engine - INFO - [generated in 0.00051s] (4,)
2026-09-09 23:23:54,825 - sqlalchemy.engine.Engine - INFO - ROLLBACK
2026-09-09 23:23:54,829 - sqlalchemy.engine.Engine - INFO - BEGIN (implicit)
2026-09-09 23:23:54,830 - sqlalchemy.engine.Engine - INFO - SELECT users.id AS users_id, users.email AS users_email, users.full_name AS users_full_name, users.hashed_password AS users_hashed_password, users.phone AS users_phone, users.role AS users_role, users.is_active AS users_is_active, users.is_email_verified AS users_is_email_verified, users.preferred_cities AS users_preferred_cities, users.budget_min AS users_budget_min, users.budget_max AS users_budget_max, users.created_at AS users_created_at, users.updated_at AS users_updated_at 
FROM users 
WHERE users.id = ?
 LIMIT ? OFFSET ?
2026-09-09 23:23:54,830 - sqlalchemy.engine.Engine - INFO - [cached since 0.08457s ago] (4, 1, 0)
2026-09-09 23:23:54,835 - sqlalchemy.engine.Engine - INFO - SELECT saved_properties.id AS saved_properties_id, saved_properties.user_id AS saved_properties_user_id, saved_properties.property_id AS saved_properties_property_id, saved_properties.notes AS saved_properties_notes, saved_properties.created_at AS saved_properties_created_at, amenities_1.id AS amenities_1_id, amenities_1.name AS amenities_1_name, amenities_1.category AS amenities_1_category, amenities_1.icon AS amenities_1_icon, properties_1.id AS properties_1_id, properties_1.title AS properties_1_title, properties_1.description AS properties_1_description, properties_1.slug AS properties_1_slug, properties_1.price AS properties_1_price, properties_1.price_per_sqft AS properties_1_price_per_sqft, properties_1.maintenance_charge AS properties_1_maintenance_charge, properties_1.property_type AS properties_1_property_type, properties_1.listing_type AS properties_1_listing_type, properties_1.bedrooms AS properties_1_bedrooms, properties_1.bathrooms AS properties_1_bathrooms, properties_1.balconies AS properties_1_balconies, properties_1.area_sqft AS properties_1_area_sqft, properties_1.carpet_area_sqft AS properties_1_carpet_area_sqft, properties_1.floor AS properties_1_floor, properties_1.total_floors AS properties_1_total_floors, properties_1.property_age AS properties_1_property_age, properties_1.facing AS properties_1_facing, properties_1.furnishing AS properties_1_furnishing, properties_1.parking AS properties_1_parking, properties_1.construction_status AS properties_1_construction_status, properties_1.address AS properties_1_address, properties_1.locality AS properties_1_locality, properties_1.city AS properties_1_city, properties_1.state AS properties_1_state, properties_1.pincode AS properties_1_pincode, properties_1.latitude AS properties_1_latitude, properties_1.longitude AS properties_1_longitude, properties_1.builder_name AS properties_1_builder_name, properties_1.project_name AS properties_1_project_name, properties_1.source AS properties_1_source, properties_1.source_url AS properties_1_source_url, properties_1.source_id AS properties_1_source_id, properties_1.verification_status AS properties_1_verification_status, properties_1.is_featured AS properties_1_is_featured, properties_1.is_active AS properties_1_is_active, properties_1.is_synthetic AS properties_1_is_synthetic, properties_1.image_urls AS properties_1_image_urls, properties_1.listed_at AS properties_1_listed_at, properties_1.created_at AS properties_1_created_at, properties_1.updated_at AS properties_1_updated_at 
FROM saved_properties LEFT OUTER JOIN properties AS properties_1 ON properties_1.id = saved_properties.property_id LEFT OUTER JOIN (property_amenities AS property_amenities_1 JOIN amenities AS amenities_1 ON amenities_1.id = property_amenities_1.amenity_id) ON properties_1.id = property_amenities_1.property_id 
WHERE saved_properties.user_id = ? ORDER BY saved_properties.created_at DESC
2026-09-09 23:23:54,835 - sqlalchemy.engine.Engine - INFO - [generated in 0.00051s] (4,)
2026-09-09 23:23:54,839 - sqlalchemy.engine.Engine - INFO - ROLLBACK
2026-09-09 23:23:54,846 - sqlalchemy.engine.Engine - INFO - BEGIN (implicit)
2026-09-09 23:23:54,847 - sqlalchemy.engine.Engine - INFO - SELECT users.id AS users_id, users.email AS users_email, users.full_name AS users_full_name, users.hashed_password AS users_hashed_password, users.phone AS users_phone, users.role AS users_role, users.is_active AS users_is_active, users.is_email_verified AS users_is_email_verified, users.preferred_cities AS users_preferred_cities, users.budget_min AS users_budget_min, users.budget_max AS users_budget_max, users.created_at AS users_created_at, users.updated_at AS users_updated_at 
FROM users 
WHERE users.id = ?
 LIMIT ? OFFSET ?
2026-09-09 23:23:54,847 - sqlalchemy.engine.Engine - INFO - [cached since 0.1018s ago] (4, 1, 0)
2026-09-09 23:23:54,851 - sqlalchemy.engine.Engine - INFO - SELECT properties.id AS properties_id, properties.title AS properties_title, properties.description AS properties_description, properties.slug AS properties_slug, properties.price AS properties_price, properties.price_per_sqft AS properties_price_per_sqft, properties.maintenance_charge AS properties_maintenance_charge, properties.property_type AS properties_property_type, properties.listing_type AS properties_listing_type, properties.bedrooms AS properties_bedrooms, properties.bathrooms AS properties_bathrooms, properties.balconies AS properties_balconies, properties.area_sqft AS properties_area_sqft, properties.carpet_area_sqft AS properties_carpet_area_sqft, properties.floor AS properties_floor, properties.total_floors AS properties_total_floors, properties.property_age AS properties_property_age, properties.facing AS properties_facing, properties.furnishing AS properties_furnishing, properties.parking AS properties_parking, properties.construction_status AS properties_construction_status, properties.address AS properties_address, properties.locality AS properties_locality, properties.city AS properties_city, properties.state AS properties_state, properties.pincode AS properties_pincode, properties.latitude AS properties_latitude, properties.longitude AS properties_longitude, properties.builder_name AS properties_builder_name, properties.project_name AS properties_project_name, properties.source AS properties_source, properties.source_url AS properties_source_url, properties.source_id AS properties_source_id, properties.verification_status AS properties_verification_status, properties.is_featured AS properties_is_featured, properties.is_active AS properties_is_active, properties.is_synthetic AS properties_is_synthetic, properties.image_urls AS properties_image_urls, properties.listed_at AS properties_listed_at, properties.created_at AS properties_created_at, properties.updated_at AS properties_updated_at, amenities_1.id AS amenities_1_id, amenities_1.name AS amenities_1_name, amenities_1.category AS amenities_1_category, amenities_1.icon AS amenities_1_icon 
FROM properties LEFT OUTER JOIN (property_amenities AS property_amenities_1 JOIN amenities AS amenities_1 ON amenities_1.id = property_amenities_1.amenity_id) ON properties.id = property_amenities_1.property_id 
WHERE properties.id IN (?, ?) AND properties.is_active = 1
2026-09-09 23:23:54,852 - sqlalchemy.engine.Engine - INFO - [generated in 0.00060s] (1, 4)
2026-09-09 23:23:54,856 - sqlalchemy.engine.Engine - INFO - INSERT INTO comparisons (user_id, name, property_ids) VALUES (?, ?, ?) RETURNING id, created_at
2026-09-09 23:23:54,857 - sqlalchemy.engine.Engine - INFO - [generated in 0.00062s] (4, 'Verification comparison', '1,4')
2026-09-09 23:23:54,858 - sqlalchemy.engine.Engine - INFO - COMMIT
2026-09-09 23:23:54,859 - sqlalchemy.engine.Engine - INFO - BEGIN (implicit)
2026-09-09 23:23:54,860 - sqlalchemy.engine.Engine - INFO - SELECT comparisons.id, comparisons.user_id, comparisons.name, comparisons.property_ids, comparisons.created_at 
FROM comparisons 
WHERE comparisons.id = ?
2026-09-09 23:23:54,860 - sqlalchemy.engine.Engine - INFO - [generated in 0.00041s] (2,)
2026-09-09 23:23:54,863 - sqlalchemy.engine.Engine - INFO - SELECT properties.id AS properties_id, properties.title AS properties_title, properties.description AS properties_description, properties.slug AS properties_slug, properties.price AS properties_price, properties.price_per_sqft AS properties_price_per_sqft, properties.maintenance_charge AS properties_maintenance_charge, properties.property_type AS properties_property_type, properties.listing_type AS properties_listing_type, properties.bedrooms AS properties_bedrooms, properties.bathrooms AS properties_bathrooms, properties.balconies AS properties_balconies, properties.area_sqft AS properties_area_sqft, properties.carpet_area_sqft AS properties_carpet_area_sqft, properties.floor AS properties_floor, properties.total_floors AS properties_total_floors, properties.property_age AS properties_property_age, properties.facing AS properties_facing, properties.furnishing AS properties_furnishing, properties.parking AS properties_parking, properties.construction_status AS properties_construction_status, properties.address AS properties_address, properties.locality AS properties_locality, properties.city AS properties_city, properties.state AS properties_state, properties.pincode AS properties_pincode, properties.latitude AS properties_latitude, properties.longitude AS properties_longitude, properties.builder_name AS properties_builder_name, properties.project_name AS properties_project_name, properties.source AS properties_source, properties.source_url AS properties_source_url, properties.source_id AS properties_source_id, properties.verification_status AS properties_verification_status, properties.is_featured AS properties_is_featured, properties.is_active AS properties_is_active, properties.is_synthetic AS properties_is_synthetic, properties.image_urls AS properties_image_urls, properties.listed_at AS properties_listed_at, properties.created_at AS properties_created_at, properties.updated_at AS properties_updated_at, amenities_1.id AS amenities_1_id, amenities_1.name AS amenities_1_name, amenities_1.category AS amenities_1_category, amenities_1.icon AS amenities_1_icon 
FROM properties LEFT OUTER JOIN (property_amenities AS property_amenities_1 JOIN amenities AS amenities_1 ON amenities_1.id = property_amenities_1.amenity_id) ON properties.id = property_amenities_1.property_id 
WHERE properties.id = ?
2026-09-09 23:23:54,863 - sqlalchemy.engine.Engine - INFO - [generated in 0.00047s] (1,)
2026-09-09 23:23:54,865 - sqlalchemy.engine.Engine - INFO - SELECT properties.id AS properties_id, properties.title AS properties_title, properties.description AS properties_description, properties.slug AS properties_slug, properties.price AS properties_price, properties.price_per_sqft AS properties_price_per_sqft, properties.maintenance_charge AS properties_maintenance_charge, properties.property_type AS properties_property_type, properties.listing_type AS properties_listing_type, properties.bedrooms AS properties_bedrooms, properties.bathrooms AS properties_bathrooms, properties.balconies AS properties_balconies, properties.area_sqft AS properties_area_sqft, properties.carpet_area_sqft AS properties_carpet_area_sqft, properties.floor AS properties_floor, properties.total_floors AS properties_total_floors, properties.property_age AS properties_property_age, properties.facing AS properties_facing, properties.furnishing AS properties_furnishing, properties.parking AS properties_parking, properties.construction_status AS properties_construction_status, properties.address AS properties_address, properties.locality AS properties_locality, properties.city AS properties_city, properties.state AS properties_state, properties.pincode AS properties_pincode, properties.latitude AS properties_latitude, properties.longitude AS properties_longitude, properties.builder_name AS properties_builder_name, properties.project_name AS properties_project_name, properties.source AS properties_source, properties.source_url AS properties_source_url, properties.source_id AS properties_source_id, properties.verification_status AS properties_verification_status, properties.is_featured AS properties_is_featured, properties.is_active AS properties_is_active, properties.is_synthetic AS properties_is_synthetic, properties.image_urls AS properties_image_urls, properties.listed_at AS properties_listed_at, properties.created_at AS properties_created_at, properties.updated_at AS properties_updated_at, amenities_1.id AS amenities_1_id, amenities_1.name AS amenities_1_name, amenities_1.category AS amenities_1_category, amenities_1.icon AS amenities_1_icon 
FROM properties LEFT OUTER JOIN (property_amenities AS property_amenities_1 JOIN amenities AS amenities_1 ON amenities_1.id = property_amenities_1.amenity_id) ON properties.id = property_amenities_1.property_id 
WHERE properties.id = ?
2026-09-09 23:23:54,865 - sqlalchemy.engine.Engine - INFO - [cached since 0.002373s ago] (4,)
2026-09-09 23:23:54,866 - sqlalchemy.engine.Engine - INFO - ROLLBACK
2026-09-09 23:23:54,874 - sqlalchemy.engine.Engine - INFO - BEGIN (implicit)
2026-09-09 23:23:54,874 - sqlalchemy.engine.Engine - INFO - SELECT users.id AS users_id, users.email AS users_email, users.full_name AS users_full_name, users.hashed_password AS users_hashed_password, users.phone AS users_phone, users.role AS users_role, users.is_active AS users_is_active, users.is_email_verified AS users_is_email_verified, users.preferred_cities AS users_preferred_cities, users.budget_min AS users_budget_min, users.budget_max AS users_budget_max, users.created_at AS users_created_at, users.updated_at AS users_updated_at 
FROM users 
WHERE users.id = ?
 LIMIT ? OFFSET ?
2026-09-09 23:23:54,875 - sqlalchemy.engine.Engine - INFO - [cached since 0.1292s ago] (4, 1, 0)
2026-09-09 23:23:54,876 - sqlalchemy.engine.Engine - INFO - SELECT comparisons.id AS comparisons_id, comparisons.user_id AS comparisons_user_id, comparisons.name AS comparisons_name, comparisons.property_ids AS comparisons_property_ids, comparisons.created_at AS comparisons_created_at 
FROM comparisons 
WHERE comparisons.id = ? AND comparisons.user_id = ?
 LIMIT ? OFFSET ?
2026-09-09 23:23:54,877 - sqlalchemy.engine.Engine - INFO - [generated in 0.00045s] (2, 4, 1, 0)
2026-09-09 23:23:54,878 - sqlalchemy.engine.Engine - INFO - SELECT properties.id AS properties_id, properties.title AS properties_title, properties.description AS properties_description, properties.slug AS properties_slug, properties.price AS properties_price, properties.price_per_sqft AS properties_price_per_sqft, properties.maintenance_charge AS properties_maintenance_charge, properties.property_type AS properties_property_type, properties.listing_type AS properties_listing_type, properties.bedrooms AS properties_bedrooms, properties.bathrooms AS properties_bathrooms, properties.balconies AS properties_balconies, properties.area_sqft AS properties_area_sqft, properties.carpet_area_sqft AS properties_carpet_area_sqft, properties.floor AS properties_floor, properties.total_floors AS properties_total_floors, properties.property_age AS properties_property_age, properties.facing AS properties_facing, properties.furnishing AS properties_furnishing, properties.parking AS properties_parking, properties.construction_status AS properties_construction_status, properties.address AS properties_address, properties.locality AS properties_locality, properties.city AS properties_city, properties.state AS properties_state, properties.pincode AS properties_pincode, properties.latitude AS properties_latitude, properties.longitude AS properties_longitude, properties.builder_name AS properties_builder_name, properties.project_name AS properties_project_name, properties.source AS properties_source, properties.source_url AS properties_source_url, properties.source_id AS properties_source_id, properties.verification_status AS properties_verification_status, properties.is_featured AS properties_is_featured, properties.is_active AS properties_is_active, properties.is_synthetic AS properties_is_synthetic, properties.image_urls AS properties_image_urls, properties.listed_at AS properties_listed_at, properties.created_at AS properties_created_at, properties.updated_at AS properties_updated_at, amenities_1.id AS amenities_1_id, amenities_1.name AS amenities_1_name, amenities_1.category AS amenities_1_category, amenities_1.icon AS amenities_1_icon 
FROM properties LEFT OUTER JOIN (property_amenities AS property_amenities_1 JOIN amenities AS amenities_1 ON amenities_1.id = property_amenities_1.amenity_id) ON properties.id = property_amenities_1.property_id 
WHERE properties.id IN (?, ?) AND properties.is_active = 1
2026-09-09 23:23:54,878 - sqlalchemy.engine.Engine - INFO - [cached since 0.02681s ago] (1, 4)
2026-09-09 23:23:54,880 - sqlalchemy.engine.Engine - INFO - ROLLBACK
2026-09-09 23:23:54,885 - sqlalchemy.engine.Engine - INFO - BEGIN (implicit)
2026-09-09 23:23:54,886 - sqlalchemy.engine.Engine - INFO - SELECT users.id AS users_id, users.email AS users_email, users.full_name AS users_full_name, users.hashed_password AS users_hashed_password, users.phone AS users_phone, users.role AS users_role, users.is_active AS users_is_active, users.is_email_verified AS users_is_email_verified, users.preferred_cities AS users_preferred_cities, users.budget_min AS users_budget_min, users.budget_max AS users_budget_max, users.created_at AS users_created_at, users.updated_at AS users_updated_at 
FROM users 
WHERE users.id = ?
 LIMIT ? OFFSET ?
2026-09-09 23:23:54,886 - sqlalchemy.engine.Engine - INFO - [cached since 0.1408s ago] (4, 1, 0)
2026-09-09 23:23:54,891 - sqlalchemy.engine.Engine - INFO - INSERT INTO conversations (user_id, title, property_id) VALUES (?, ?, ?) RETURNING id, created_at, updated_at
2026-09-09 23:23:54,891 - sqlalchemy.engine.Engine - INFO - [generated in 0.00062s] (4, 'Find a 2BHK apartment in Hyderabad under 70 lakh within 2 km of metro', None)
2026-09-09 23:23:54,892 - sqlalchemy.engine.Engine - INFO - COMMIT
2026-09-09 23:23:54,893 - sqlalchemy.engine.Engine - INFO - BEGIN (implicit)
2026-09-09 23:23:54,894 - sqlalchemy.engine.Engine - INFO - SELECT conversations.id, conversations.user_id, conversations.title, conversations.property_id, conversations.created_at, conversations.updated_at 
FROM conversations 
WHERE conversations.id = ?
2026-09-09 23:23:54,895 - sqlalchemy.engine.Engine - INFO - [generated in 0.00042s] (3,)
2026-09-09 23:23:54,896 - sqlalchemy.engine.Engine - INFO - INSERT INTO messages (conversation_id, role, content, meta_json) VALUES (?, ?, ?, ?) RETURNING id, created_at
2026-09-09 23:23:54,896 - sqlalchemy.engine.Engine - INFO - [generated in 0.00043s] (3, 'user', 'Find a 2BHK apartment in Hyderabad under 70 lakh within 2 km of metro', 'null')
2026-09-09 23:23:54,897 - sqlalchemy.engine.Engine - INFO - COMMIT
2026-09-09 23:23:54,898 - sqlalchemy.engine.Engine - INFO - BEGIN (implicit)
2026-09-09 23:23:54,899 - sqlalchemy.engine.Engine - INFO - SELECT messages.id, messages.conversation_id, messages.role, messages.content, messages.meta_json, messages.created_at 
FROM messages 
WHERE messages.id = ?
2026-09-09 23:23:54,899 - sqlalchemy.engine.Engine - INFO - [generated in 0.00038s] (5,)
2026-09-09 23:23:54,900 - sqlalchemy.engine.Engine - INFO - SELECT conversations.id AS conversations_id, conversations.user_id AS conversations_user_id, conversations.title AS conversations_title, conversations.property_id AS conversations_property_id, conversations.created_at AS conversations_created_at, conversations.updated_at AS conversations_updated_at 
FROM conversations 
WHERE conversations.id = ?
 LIMIT ? OFFSET ?
2026-09-09 23:23:54,901 - sqlalchemy.engine.Engine - INFO - [generated in 0.00040s] (3, 1, 0)
2026-09-09 23:23:54,903 - sqlalchemy.engine.Engine - INFO - UPDATE conversations SET updated_at=CURRENT_TIMESTAMP WHERE conversations.id = ?
2026-09-09 23:23:54,904 - sqlalchemy.engine.Engine - INFO - [generated in 0.00142s] (3,)
2026-09-09 23:23:54,905 - sqlalchemy.engine.Engine - INFO - COMMIT
2026-09-09 23:23:54,909 - sqlalchemy.engine.Engine - INFO - BEGIN (implicit)
2026-09-09 23:23:54,910 - sqlalchemy.engine.Engine - INFO - SELECT count(properties.id) AS count_1 
FROM properties 
WHERE properties.is_active = 1 AND lower(properties.city) LIKE lower(?) AND properties.property_type = ? AND properties.listing_type = ? AND properties.price <= ? AND properties.bedrooms = ?
2026-09-09 23:23:54,911 - sqlalchemy.engine.Engine - INFO - [generated in 0.00052s] ('%Hyderabad%', 'apartment', 'sale', 7000000.0, 2)
2026-09-09 23:23:54,915 - sqlalchemy.engine.Engine - INFO - SELECT anon_1.properties_id AS anon_1_properties_id, anon_1.properties_title AS anon_1_properties_title, anon_1.properties_description AS anon_1_properties_description, anon_1.properties_slug AS anon_1_properties_slug, anon_1.properties_price AS anon_1_properties_price, anon_1.properties_price_per_sqft AS anon_1_properties_price_per_sqft, anon_1.properties_maintenance_charge AS anon_1_properties_maintenance_charge, anon_1.properties_property_type AS anon_1_properties_property_type, anon_1.properties_listing_type AS anon_1_properties_listing_type, anon_1.properties_bedrooms AS anon_1_properties_bedrooms, anon_1.properties_bathrooms AS anon_1_properties_bathrooms, anon_1.properties_balconies AS anon_1_properties_balconies, anon_1.properties_area_sqft AS anon_1_properties_area_sqft, anon_1.properties_carpet_area_sqft AS anon_1_properties_carpet_area_sqft, anon_1.properties_floor AS anon_1_properties_floor, anon_1.properties_total_floors AS anon_1_properties_total_floors, anon_1.properties_property_age AS anon_1_properties_property_age, anon_1.properties_facing AS anon_1_properties_facing, anon_1.properties_furnishing AS anon_1_properties_furnishing, anon_1.properties_parking AS anon_1_properties_parking, anon_1.properties_construction_status AS anon_1_properties_construction_status, anon_1.properties_address AS anon_1_properties_address, anon_1.properties_locality AS anon_1_properties_locality, anon_1.properties_city AS anon_1_properties_city, anon_1.properties_state AS anon_1_properties_state, anon_1.properties_pincode AS anon_1_properties_pincode, anon_1.properties_latitude AS anon_1_properties_latitude, anon_1.properties_longitude AS anon_1_properties_longitude, anon_1.properties_builder_name AS anon_1_properties_builder_name, anon_1.properties_project_name AS anon_1_properties_project_name, anon_1.properties_source AS anon_1_properties_source, anon_1.properties_source_url AS anon_1_properties_source_url, anon_1.properties_source_id AS anon_1_properties_source_id, anon_1.properties_verification_status AS anon_1_properties_verification_status, anon_1.properties_is_featured AS anon_1_properties_is_featured, anon_1.properties_is_active AS anon_1_properties_is_active, anon_1.properties_is_synthetic AS anon_1_properties_is_synthetic, anon_1.properties_image_urls AS anon_1_properties_image_urls, anon_1.properties_listed_at AS anon_1_properties_listed_at, anon_1.properties_created_at AS anon_1_properties_created_at, anon_1.properties_updated_at AS anon_1_properties_updated_at, amenities_1.id AS amenities_1_id, amenities_1.name AS amenities_1_name, amenities_1.category AS amenities_1_category, amenities_1.icon AS amenities_1_icon 
FROM (SELECT properties.id AS properties_id, properties.title AS properties_title, properties.description AS properties_description, properties.slug AS properties_slug, properties.price AS properties_price, properties.price_per_sqft AS properties_price_per_sqft, properties.maintenance_charge AS properties_maintenance_charge, properties.property_type AS properties_property_type, properties.listing_type AS properties_listing_type, properties.bedrooms AS properties_bedrooms, properties.bathrooms AS properties_bathrooms, properties.balconies AS properties_balconies, properties.area_sqft AS properties_area_sqft, properties.carpet_area_sqft AS properties_carpet_area_sqft, properties.floor AS properties_floor, properties.total_floors AS properties_total_floors, properties.property_age AS properties_property_age, properties.facing AS properties_facing, properties.furnishing AS properties_furnishing, properties.parking AS properties_parking, properties.construction_status AS properties_construction_status, properties.address AS properties_address, properties.locality AS properties_locality, properties.city AS properties_city, properties.state AS properties_state, properties.pincode AS properties_pincode, properties.latitude AS properties_latitude, properties.longitude AS properties_longitude, properties.builder_name AS properties_builder_name, properties.project_name AS properties_project_name, properties.source AS properties_source, properties.source_url AS properties_source_url, properties.source_id AS properties_source_id, properties.verification_status AS properties_verification_status, properties.is_featured AS properties_is_featured, properties.is_active AS properties_is_active, properties.is_synthetic AS properties_is_synthetic, properties.image_urls AS properties_image_urls, properties.listed_at AS properties_listed_at, properties.created_at AS properties_created_at, properties.updated_at AS properties_updated_at 
FROM properties 
WHERE properties.is_active = 1 AND lower(properties.city) LIKE lower(?) AND properties.property_type = ? AND properties.listing_type = ? AND properties.price <= ? AND properties.bedrooms = ? ORDER BY properties.created_at DESC
 LIMIT ? OFFSET ?) AS anon_1 LEFT OUTER JOIN (property_amenities AS property_amenities_1 JOIN amenities AS amenities_1 ON amenities_1.id = property_amenities_1.amenity_id) ON anon_1.properties_id = property_amenities_1.property_id ORDER BY anon_1.properties_created_at DESC
2026-09-09 23:23:54,916 - sqlalchemy.engine.Engine - INFO - [generated in 0.00062s] ('%Hyderabad%', 'apartment', 'sale', 7000000.0, 2, 30, 0)
2026-09-09 23:23:54,920 - sqlalchemy.engine.Engine - INFO - SELECT properties.id AS properties_id, properties.title AS properties_title, properties.description AS properties_description, properties.slug AS properties_slug, properties.price AS properties_price, properties.price_per_sqft AS properties_price_per_sqft, properties.maintenance_charge AS properties_maintenance_charge, properties.property_type AS properties_property_type, properties.listing_type AS properties_listing_type, properties.bedrooms AS properties_bedrooms, properties.bathrooms AS properties_bathrooms, properties.balconies AS properties_balconies, properties.area_sqft AS properties_area_sqft, properties.carpet_area_sqft AS properties_carpet_area_sqft, properties.floor AS properties_floor, properties.total_floors AS properties_total_floors, properties.property_age AS properties_property_age, properties.facing AS properties_facing, properties.furnishing AS properties_furnishing, properties.parking AS properties_parking, properties.construction_status AS properties_construction_status, properties.address AS properties_address, properties.locality AS properties_locality, properties.city AS properties_city, properties.state AS properties_state, properties.pincode AS properties_pincode, properties.latitude AS properties_latitude, properties.longitude AS properties_longitude, properties.builder_name AS properties_builder_name, properties.project_name AS properties_project_name, properties.source AS properties_source, properties.source_url AS properties_source_url, properties.source_id AS properties_source_id, properties.verification_status AS properties_verification_status, properties.is_featured AS properties_is_featured, properties.is_active AS properties_is_active, properties.is_synthetic AS properties_is_synthetic, properties.image_urls AS properties_image_urls, properties.listed_at AS properties_listed_at, properties.created_at AS properties_created_at, properties.updated_at AS properties_updated_at 
FROM properties 
WHERE properties.is_active = 1 AND properties.listing_type = ?
2026-09-09 23:23:54,921 - sqlalchemy.engine.Engine - INFO - [generated in 0.00121s] ('sale',)
2026-09-09 23:23:54,924 - app.ai.embeddings - INFO - EmbeddingService fitted over 34 documents
2026-09-09 23:23:54,931 - sqlalchemy.engine.Engine - INFO - SELECT amenities.id AS amenities_id, amenities.name AS amenities_name, amenities.category AS amenities_category, amenities.icon AS amenities_icon 
FROM amenities, property_amenities 
WHERE ? = property_amenities.property_id AND amenities.id = property_amenities.amenity_id
2026-09-09 23:23:54,932 - sqlalchemy.engine.Engine - INFO - [generated in 0.00046s] (19,)
2026-09-09 23:23:54,933 - sqlalchemy.engine.Engine - INFO - SELECT amenities.id AS amenities_id, amenities.name AS amenities_name, amenities.category AS amenities_category, amenities.icon AS amenities_icon 
FROM amenities, property_amenities 
WHERE ? = property_amenities.property_id AND amenities.id = property_amenities.amenity_id
2026-09-09 23:23:54,933 - sqlalchemy.engine.Engine - INFO - [cached since 0.002069s ago] (6,)
2026-09-09 23:23:54,934 - sqlalchemy.engine.Engine - INFO - SELECT amenities.id AS amenities_id, amenities.name AS amenities_name, amenities.category AS amenities_category, amenities.icon AS amenities_icon 
FROM amenities, property_amenities 
WHERE ? = property_amenities.property_id AND amenities.id = property_amenities.amenity_id
2026-09-09 23:23:54,934 - sqlalchemy.engine.Engine - INFO - [cached since 0.003095s ago] (25,)
2026-09-09 23:23:54,935 - sqlalchemy.engine.Engine - INFO - SELECT amenities.id AS amenities_id, amenities.name AS amenities_name, amenities.category AS amenities_category, amenities.icon AS amenities_icon 
FROM amenities, property_amenities 
WHERE ? = property_amenities.property_id AND amenities.id = property_amenities.amenity_id
2026-09-09 23:23:54,935 - sqlalchemy.engine.Engine - INFO - [cached since 0.004019s ago] (3,)
2026-09-09 23:23:54,936 - sqlalchemy.engine.Engine - INFO - SELECT amenities.id AS amenities_id, amenities.name AS amenities_name, amenities.category AS amenities_category, amenities.icon AS amenities_icon 
FROM amenities, property_amenities 
WHERE ? = property_amenities.property_id AND amenities.id = property_amenities.amenity_id
2026-09-09 23:23:54,937 - sqlalchemy.engine.Engine - INFO - [cached since 0.005577s ago] (30,)
2026-09-09 23:23:54,938 - sqlalchemy.engine.Engine - INFO - SELECT amenities.id AS amenities_id, amenities.name AS amenities_name, amenities.category AS amenities_category, amenities.icon AS amenities_icon 
FROM amenities, property_amenities 
WHERE ? = property_amenities.property_id AND amenities.id = property_amenities.amenity_id
2026-09-09 23:23:54,939 - sqlalchemy.engine.Engine - INFO - [cached since 0.007956s ago] (18,)
2026-09-09 23:23:54,940 - sqlalchemy.engine.Engine - INFO - SELECT amenities.id AS amenities_id, amenities.name AS amenities_name, amenities.category AS amenities_category, amenities.icon AS amenities_icon 
FROM amenities, property_amenities 
WHERE ? = property_amenities.property_id AND amenities.id = property_amenities.amenity_id
2026-09-09 23:23:54,941 - sqlalchemy.engine.Engine - INFO - [cached since 0.009641s ago] (5,)
2026-09-09 23:23:54,942 - sqlalchemy.engine.Engine - INFO - SELECT amenities.id AS amenities_id, amenities.name AS amenities_name, amenities.category AS amenities_category, amenities.icon AS amenities_icon 
FROM amenities, property_amenities 
WHERE ? = property_amenities.property_id AND amenities.id = property_amenities.amenity_id
2026-09-09 23:23:54,942 - sqlalchemy.engine.Engine - INFO - [cached since 0.01079s ago] (12,)
2026-09-09 23:23:54,943 - sqlalchemy.engine.Engine - INFO - SELECT amenities.id AS amenities_id, amenities.name AS amenities_name, amenities.category AS amenities_category, amenities.icon AS amenities_icon 
FROM amenities, property_amenities 
WHERE ? = property_amenities.property_id AND amenities.id = property_amenities.amenity_id
2026-09-09 23:23:54,943 - sqlalchemy.engine.Engine - INFO - [cached since 0.01182s ago] (21,)
2026-09-09 23:23:54,944 - sqlalchemy.engine.Engine - INFO - SELECT amenities.id AS amenities_id, amenities.name AS amenities_name, amenities.category AS amenities_category, amenities.icon AS amenities_icon 
FROM amenities, property_amenities 
WHERE ? = property_amenities.property_id AND amenities.id = property_amenities.amenity_id
2026-09-09 23:23:54,944 - sqlalchemy.engine.Engine - INFO - [cached since 0.01284s ago] (14,)
2026-09-09 23:23:54,945 - sqlalchemy.engine.Engine - INFO - SELECT amenities.id AS amenities_id, amenities.name AS amenities_name, amenities.category AS amenities_category, amenities.icon AS amenities_icon 
FROM amenities, property_amenities 
WHERE ? = property_amenities.property_id AND amenities.id = property_amenities.amenity_id
2026-09-09 23:23:54,945 - sqlalchemy.engine.Engine - INFO - [cached since 0.01379s ago] (33,)
2026-09-09 23:23:54,946 - sqlalchemy.engine.Engine - INFO - SELECT amenities.id AS amenities_id, amenities.name AS amenities_name, amenities.category AS amenities_category, amenities.icon AS amenities_icon 
FROM amenities, property_amenities 
WHERE ? = property_amenities.property_id AND amenities.id = property_amenities.amenity_id
2026-09-09 23:23:54,946 - sqlalchemy.engine.Engine - INFO - [cached since 0.01473s ago] (32,)
2026-09-09 23:23:54,947 - sqlalchemy.engine.Engine - INFO - SELECT amenities.id AS amenities_id, amenities.name AS amenities_name, amenities.category AS amenities_category, amenities.icon AS amenities_icon 
FROM amenities, property_amenities 
WHERE ? = property_amenities.property_id AND amenities.id = property_amenities.amenity_id
2026-09-09 23:23:54,947 - sqlalchemy.engine.Engine - INFO - [cached since 0.01565s ago] (23,)
2026-09-09 23:23:54,947 - sqlalchemy.engine.Engine - INFO - SELECT amenities.id AS amenities_id, amenities.name AS amenities_name, amenities.category AS amenities_category, amenities.icon AS amenities_icon 
FROM amenities, property_amenities 
WHERE ? = property_amenities.property_id AND amenities.id = property_amenities.amenity_id
2026-09-09 23:23:54,948 - sqlalchemy.engine.Engine - INFO - [cached since 0.01659s ago] (24,)
2026-09-09 23:23:54,948 - sqlalchemy.engine.Engine - INFO - SELECT amenities.id AS amenities_id, amenities.name AS amenities_name, amenities.category AS amenities_category, amenities.icon AS amenities_icon 
FROM amenities, property_amenities 
WHERE ? = property_amenities.property_id AND amenities.id = property_amenities.amenity_id
2026-09-09 23:23:54,949 - sqlalchemy.engine.Engine - INFO - [cached since 0.01752s ago] (2,)
2026-09-09 23:23:54,949 - sqlalchemy.engine.Engine - INFO - SELECT amenities.id AS amenities_id, amenities.name AS amenities_name, amenities.category AS amenities_category, amenities.icon AS amenities_icon 
FROM amenities, property_amenities 
WHERE ? = property_amenities.property_id AND amenities.id = property_amenities.amenity_id
2026-09-09 23:23:54,950 - sqlalchemy.engine.Engine - INFO - [cached since 0.01845s ago] (7,)
2026-09-09 23:23:54,950 - sqlalchemy.engine.Engine - INFO - SELECT amenities.id AS amenities_id, amenities.name AS amenities_name, amenities.category AS amenities_category, amenities.icon AS amenities_icon 
FROM amenities, property_amenities 
WHERE ? = property_amenities.property_id AND amenities.id = property_amenities.amenity_id
2026-09-09 23:23:54,951 - sqlalchemy.engine.Engine - INFO - [cached since 0.01937s ago] (16,)
2026-09-09 23:23:54,951 - sqlalchemy.engine.Engine - INFO - SELECT amenities.id AS amenities_id, amenities.name AS amenities_name, amenities.category AS amenities_category, amenities.icon AS amenities_icon 
FROM amenities, property_amenities 
WHERE ? = property_amenities.property_id AND amenities.id = property_amenities.amenity_id
2026-09-09 23:23:54,951 - sqlalchemy.engine.Engine - INFO - [cached since 0.02028s ago] (10,)
2026-09-09 23:23:54,952 - sqlalchemy.engine.Engine - INFO - SELECT amenities.id AS amenities_id, amenities.name AS amenities_name, amenities.category AS amenities_category, amenities.icon AS amenities_icon 
FROM amenities, property_amenities 
WHERE ? = property_amenities.property_id AND amenities.id = property_amenities.amenity_id
2026-09-09 23:23:54,953 - sqlalchemy.engine.Engine - INFO - [cached since 0.02149s ago] (22,)
2026-09-09 23:23:54,954 - sqlalchemy.engine.Engine - INFO - SELECT amenities.id AS amenities_id, amenities.name AS amenities_name, amenities.category AS amenities_category, amenities.icon AS amenities_icon 
FROM amenities, property_amenities 
WHERE ? = property_amenities.property_id AND amenities.id = property_amenities.amenity_id
2026-09-09 23:23:54,955 - sqlalchemy.engine.Engine - INFO - [cached since 0.0242s ago] (28,)
2026-09-09 23:23:54,957 - app.ai.embeddings - INFO - EmbeddingService fitted over 25 documents
2026-09-09 23:23:54,959 - sqlalchemy.engine.Engine - INFO - SELECT nearby_places.id AS nearby_places_id, nearby_places.name AS nearby_places_name, nearby_places.place_type AS nearby_places_place_type, nearby_places.category AS nearby_places_category, nearby_places.locality AS nearby_places_locality, nearby_places.city AS nearby_places_city, nearby_places.latitude AS nearby_places_latitude, nearby_places.longitude AS nearby_places_longitude, nearby_places.source AS nearby_places_source, nearby_places.is_synthetic AS nearby_places_is_synthetic, nearby_places.created_at AS nearby_places_created_at 
FROM nearby_places 
WHERE nearby_places.city IN (?, ?, ?, ?, ?, ?)
2026-09-09 23:23:54,959 - sqlalchemy.engine.Engine - INFO - [generated in 0.00048s] ('Gurgaon', 'Pune', 'Hyderabad', 'Mumbai', 'Bangalore', 'Kolkata')
2026-09-09 23:23:54,962 - sqlalchemy.engine.Engine - INFO - SELECT conversations.id AS conversations_id, conversations.user_id AS conversations_user_id, conversations.title AS conversations_title, conversations.property_id AS conversations_property_id, conversations.created_at AS conversations_created_at, conversations.updated_at AS conversations_updated_at 
FROM conversations 
WHERE conversations.id = ?
2026-09-09 23:23:54,963 - sqlalchemy.engine.Engine - INFO - [generated in 0.00043s] (3,)
2026-09-09 23:23:54,964 - sqlalchemy.engine.Engine - INFO - INSERT INTO messages (conversation_id, role, content, meta_json) VALUES (?, ?, ?, ?) RETURNING id, created_at
--- Logging error ---
Traceback (most recent call last):
  File "C:\Users\DELL\AppData\Local\Programs\Python\Python313\Lib\logging\__init__.py", line 1154, in emit
    stream.write(msg + self.terminator)
    ~~~~~~~~~~~~^^^^^^^^^^^^^^^^^^^^^^^
  File "C:\Users\DELL\AppData\Local\Programs\Python\Python313\Lib\encodings\cp1252.py", line 19, in encode
    return codecs.charmap_encode(input,self.errors,encoding_table)[0]
           ~~~~~~~~~~~~~~~~~~~~~^^^^^^^^^^^^^^^^^^^^^^^^^^^^^^^^^^
UnicodeEncodeError: 'charmap' codec can't encode character '\u20b9' in position 209: character maps to <undefined>
Call stack:
  File "<frozen runpy>", line 203, in _run_module_as_main
  File "<frozen runpy>", line 88, in _run_code
  File "C:\Users\DELL\AppData\Local\Programs\Python\Python313\Lib\site-packages\uvicorn\__main__.py", line 4, in <module>
    uvicorn.main()
  File "C:\Users\DELL\AppData\Local\Programs\Python\Python313\Lib\site-packages\click\core.py", line 1631, in __call__
    return self.main(*args, **kwargs)
  File "C:\Users\DELL\AppData\Local\Programs\Python\Python313\Lib\site-packages\click\core.py", line 1552, in main
    rv = self.invoke(ctx)
  File "C:\Users\DELL\AppData\Local\Programs\Python\Python313\Lib\site-packages\click\core.py", line 1415, in invoke
    return ctx.invoke(self.callback, **ctx.params)
  File "C:\Users\DELL\AppData\Local\Programs\Python\Python313\Lib\site-packages\click\core.py", line 910, in invoke
    return callback(*args, **kwargs)
  File "C:\Users\DELL\AppData\Local\Programs\Python\Python313\Lib\site-packages\uvicorn\main.py", line 413, in main
    run(
  File "C:\Users\DELL\AppData\Local\Programs\Python\Python313\Lib\site-packages\uvicorn\main.py", line 580, in run
    server.run()
  File "C:\Users\DELL\AppData\Local\Programs\Python\Python313\Lib\site-packages\uvicorn\server.py", line 66, in run
    return asyncio.run(self.serve(sockets=sockets))
  File "C:\Users\DELL\AppData\Local\Programs\Python\Python313\Lib\asyncio\runners.py", line 196, in run
    return runner.run(main)
  File "C:\Users\DELL\AppData\Local\Programs\Python\Python313\Lib\asyncio\runners.py", line 119, in run
    return self._loop.run_until_complete(task)
  File "C:\Users\DELL\AppData\Local\Programs\Python\Python313\Lib\asyncio\base_events.py", line 712, in run_until_complete
    self.run_forever()
  File "C:\Users\DELL\AppData\Local\Programs\Python\Python313\Lib\asyncio\base_events.py", line 683, in run_forever
    self._run_once()
  File "C:\Users\DELL\AppData\Local\Programs\Python\Python313\Lib\asyncio\base_events.py", line 2060, in _run_once
    handle._run()
  File "C:\Users\DELL\AppData\Local\Programs\Python\Python313\Lib\asyncio\events.py", line 89, in _run
    self._context.run(self._callback, *self._args)
  File "C:\Users\DELL\AppData\Local\Programs\Python\Python313\Lib\site-packages\uvicorn\protocols\http\httptools_impl.py", line 409, in run_asgi
    result = await app(  # type: ignore[func-returns-value]
  File "C:\Users\DELL\AppData\Local\Programs\Python\Python313\Lib\site-packages\uvicorn\middleware\proxy_headers.py", line 60, in __call__
    return await self.app(scope, receive, send)
  File "C:\Users\DELL\AppData\Local\Programs\Python\Python313\Lib\site-packages\fastapi\applications.py", line 1054, in __call__
    await super().__call__(scope, receive, send)
  File "C:\Users\DELL\AppData\Local\Programs\Python\Python313\Lib\site-packages\starlette\applications.py", line 112, in __call__
    await self.middleware_stack(scope, receive, send)
  File "C:\Users\DELL\AppData\Local\Programs\Python\Python313\Lib\site-packages\starlette\middleware\errors.py", line 165, in __call__
    await self.app(scope, receive, _send)
  File "C:\Users\DELL\AppData\Local\Programs\Python\Python313\Lib\site-packages\starlette\middleware\cors.py", line 85, in __call__
    await self.app(scope, receive, send)
  File "C:\Users\DELL\AppData\Local\Programs\Python\Python313\Lib\site-packages\starlette\middleware\exceptions.py", line 62, in __call__
    await wrap_app_handling_exceptions(self.app, conn)(scope, receive, send)
  File "C:\Users\DELL\AppData\Local\Programs\Python\Python313\Lib\site-packages\starlette\_exception_handler.py", line 42, in wrapped_app
    await app(scope, receive, sender)
  File "C:\Users\DELL\AppData\Local\Programs\Python\Python313\Lib\site-packages\starlette\routing.py", line 714, in __call__
    await self.middleware_stack(scope, receive, send)
  File "C:\Users\DELL\AppData\Local\Programs\Python\Python313\Lib\site-packages\starlette\routing.py", line 734, in app
    await route.handle(scope, receive, send)
  File "C:\Users\DELL\AppData\Local\Programs\Python\Python313\Lib\site-packages\starlette\routing.py", line 288, in handle
    await self.app(scope, receive, send)
  File "C:\Users\DELL\AppData\Local\Programs\Python\Python313\Lib\site-packages\starlette\routing.py", line 76, in app
    await wrap_app_handling_exceptions(app, request)(scope, receive, send)
  File "C:\Users\DELL\AppData\Local\Programs\Python\Python313\Lib\site-packages\starlette\_exception_handler.py", line 42, in wrapped_app
    await app(scope, receive, sender)
  File "C:\Users\DELL\AppData\Local\Programs\Python\Python313\Lib\site-packages\starlette\routing.py", line 73, in app
    response = await f(request)
  File "C:\Users\DELL\AppData\Local\Programs\Python\Python313\Lib\site-packages\fastapi\routing.py", line 301, in app
    raw_response = await run_endpoint_function(
  File "C:\Users\DELL\AppData\Local\Programs\Python\Python313\Lib\site-packages\fastapi\routing.py", line 212, in run_endpoint_function
    return await dependant.call(**values)
  File "E:\Realestate gpt\backend\app\api\v1\ai.py", line 52, in assistant
    conversations.add_message(conversation.id, "assistant", answer, {"route": "search", "result_ids": [item.property_id for item in results]})
  File "E:\Realestate gpt\backend\app\repositories\platform_repo.py", line 87, in add_message
    self.db.commit()
  File "C:\Users\DELL\AppData\Local\Programs\Python\Python313\Lib\site-packages\sqlalchemy\orm\session.py", line 2035, in commit
    trans.commit(_to_root=True)
  File "<string>", line 2, in commit
  File "C:\Users\DELL\AppData\Local\Programs\Python\Python313\Lib\site-packages\sqlalchemy\orm\state_changes.py", line 137, in _go
    ret_value = fn(self, *arg, **kw)
  File "C:\Users\DELL\AppData\Local\Programs\Python\Python313\Lib\site-packages\sqlalchemy\orm\session.py", line 1316, in commit
    self._prepare_impl()
  File "<string>", line 2, in _prepare_impl
  File "C:\Users\DELL\AppData\Local\Programs\Python\Python313\Lib\site-packages\sqlalchemy\orm\state_changes.py", line 137, in _go
    ret_value = fn(self, *arg, **kw)
  File "C:\Users\DELL\AppData\Local\Programs\Python\Python313\Lib\site-packages\sqlalchemy\orm\session.py", line 1290, in _prepare_impl
    self.session.flush()
  File "C:\Users\DELL\AppData\Local\Programs\Python\Python313\Lib\site-packages\sqlalchemy\orm\session.py", line 4353, in flush
    self._flush(objects)
  File "C:\Users\DELL\AppData\Local\Programs\Python\Python313\Lib\site-packages\sqlalchemy\orm\session.py", line 4449, in _flush
    flush_context.execute()
  File "C:\Users\DELL\AppData\Local\Programs\Python\Python313\Lib\site-packages\sqlalchemy\orm\unitofwork.py", line 465, in execute
    rec.execute(self)
  File "C:\Users\DELL\AppData\Local\Programs\Python\Python313\Lib\site-packages\sqlalchemy\orm\unitofwork.py", line 641, in execute
    util.preloaded.orm_persistence.save_obj(
  File "C:\Users\DELL\AppData\Local\Programs\Python\Python313\Lib\site-packages\sqlalchemy\orm\persistence.py", line 94, in save_obj
    _emit_insert_statements(
  File "C:\Users\DELL\AppData\Local\Programs\Python\Python313\Lib\site-packages\sqlalchemy\orm\persistence.py", line 1234, in _emit_insert_statements
    result = connection.execute(
  File "C:\Users\DELL\AppData\Local\Programs\Python\Python313\Lib\site-packages\sqlalchemy\engine\base.py", line 1421, in execute
    return meth(
  File "C:\Users\DELL\AppData\Local\Programs\Python\Python313\Lib\site-packages\sqlalchemy\sql\elements.py", line 526, in _execute_on_connection
    return connection._execute_clauseelement(
  File "C:\Users\DELL\AppData\Local\Programs\Python\Python313\Lib\site-packages\sqlalchemy\engine\base.py", line 1643, in _execute_clauseelement
    ret = self._execute_context(
  File "C:\Users\DELL\AppData\Local\Programs\Python\Python313\Lib\site-packages\sqlalchemy\engine\base.py", line 1848, in _execute_context
    return self._exec_single_context(
  File "C:\Users\DELL\AppData\Local\Programs\Python\Python313\Lib\site-packages\sqlalchemy\engine\base.py", line 1906, in _exec_single_context
    self._log_info(
  File "C:\Users\DELL\AppData\Local\Programs\Python\Python313\Lib\site-packages\sqlalchemy\engine\base.py", line 188, in _log_info
    self.engine.logger.info(message, *arg, **kw)
  File "C:\Users\DELL\AppData\Local\Programs\Python\Python313\Lib\site-packages\sqlalchemy\log.py", line 159, in info
    self.log(logging.INFO, msg, *args, **kwargs)
  File "C:\Users\DELL\AppData\Local\Programs\Python\Python313\Lib\site-packages\sqlalchemy\log.py", line 210, in log
    self.logger._log(level, msg, args, **kwargs)
Message: '[%s] %r'
Arguments: ('cached since 0.06801s ago', (3, 'assistant', 'I found 8 grounded matches:\n\n1. Ramky One Galaxia 2BHK Kondapur — INR 5,200,000 — 61% match\n   Why: Price \u20b95,200,000 fits under your \u20b97,000,000 bu ... (268 characters truncated) ... ice \u20b94,200,000 fits under your \u20b97,000,000 budget; Located in Hyderabad, Appa Junction\n\nScores are decision support, not legal or investment advice.', '{"route": "search", "result_ids": [4, 29, 31, 1, 5, 6, 30, 7]}'))
2026-09-09 23:23:54,964 - sqlalchemy.engine.Engine - INFO - [cached since 0.06801s ago] (3, 'assistant', 'I found 8 grounded matches:\n\n1. Ramky One Galaxia 2BHK Kondapur — INR 5,200,000 — 61% match\n   Why: Price \u20b95,200,000 fits under your \u20b97,000,000 bu ... (268 characters truncated) ... ice \u20b94,200,000 fits under your \u20b97,000,000 budget; Located in Hyderabad, Appa Junction\n\nScores are decision support, not legal or investment advice.', '{"route": "search", "result_ids": [4, 29, 31, 1, 5, 6, 30, 7]}')
2026-09-09 23:23:54,992 - sqlalchemy.engine.Engine - INFO - COMMIT
2026-09-09 23:23:54,993 - sqlalchemy.engine.Engine - INFO - BEGIN (implicit)
2026-09-09 23:23:54,994 - sqlalchemy.engine.Engine - INFO - SELECT messages.id, messages.conversation_id, messages.role, messages.content, messages.meta_json, messages.created_at 
FROM messages 
WHERE messages.id = ?
2026-09-09 23:23:54,994 - sqlalchemy.engine.Engine - INFO - [cached since 0.09515s ago] (6,)
2026-09-09 23:23:54,995 - sqlalchemy.engine.Engine - INFO - SELECT conversations.id AS conversations_id, conversations.user_id AS conversations_user_id, conversations.title AS conversations_title, conversations.property_id AS conversations_property_id, conversations.created_at AS conversations_created_at, conversations.updated_at AS conversations_updated_at 
FROM conversations 
WHERE conversations.id = ?
 LIMIT ? OFFSET ?
2026-09-09 23:23:54,995 - sqlalchemy.engine.Engine - INFO - [cached since 0.09474s ago] (3, 1, 0)
2026-09-09 23:23:54,996 - sqlalchemy.engine.Engine - INFO - UPDATE conversations SET updated_at=CURRENT_TIMESTAMP WHERE conversations.id = ?
2026-09-09 23:23:54,996 - sqlalchemy.engine.Engine - INFO - [cached since 0.09391s ago] (3,)
2026-09-09 23:23:54,997 - sqlalchemy.engine.Engine - INFO - COMMIT
2026-09-09 23:23:54,997 - sqlalchemy.engine.Engine - INFO - BEGIN (implicit)
2026-09-09 23:23:54,998 - sqlalchemy.engine.Engine - INFO - SELECT users.id AS users_id, users.email AS users_email, users.full_name AS users_full_name, users.hashed_password AS users_hashed_password, users.phone AS users_phone, users.role AS users_role, users.is_active AS users_is_active, users.is_email_verified AS users_is_email_verified, users.preferred_cities AS users_preferred_cities, users.budget_min AS users_budget_min, users.budget_max AS users_budget_max, users.created_at AS users_created_at, users.updated_at AS users_updated_at 
FROM users 
WHERE users.id = ?
2026-09-09 23:23:54,998 - sqlalchemy.engine.Engine - INFO - [generated in 0.00038s] (4,)
2026-09-09 23:23:54,999 - sqlalchemy.engine.Engine - INFO - SELECT conversations.id AS conversations_id, conversations.user_id AS conversations_user_id, conversations.title AS conversations_title, conversations.property_id AS conversations_property_id, conversations.created_at AS conversations_created_at, conversations.updated_at AS conversations_updated_at 
FROM conversations 
WHERE conversations.id = ?
2026-09-09 23:23:54,999 - sqlalchemy.engine.Engine - INFO - [cached since 0.03707s ago] (3,)
2026-09-09 23:23:55,001 - sqlalchemy.engine.Engine - INFO - INSERT INTO audit_logs (user_id, action, entity, entity_id, detail, ip_address) VALUES (?, ?, ?, ?, ?, ?) RETURNING id, created_at
2026-09-09 23:23:55,001 - sqlalchemy.engine.Engine - INFO - [generated in 0.00041s] (4, 'ai.message', 'conversation', 3, '{"result_count": 8}', '127.0.0.1')
2026-09-09 23:23:55,002 - sqlalchemy.engine.Engine - INFO - COMMIT
2026-09-09 23:23:55,003 - sqlalchemy.engine.Engine - INFO - BEGIN (implicit)
2026-09-09 23:23:55,005 - sqlalchemy.engine.Engine - INFO - SELECT audit_logs.id, audit_logs.user_id, audit_logs.action, audit_logs.entity, audit_logs.entity_id, audit_logs.detail, audit_logs.ip_address, audit_logs.created_at 
FROM audit_logs 
WHERE audit_logs.id = ?
2026-09-09 23:23:55,006 - sqlalchemy.engine.Engine - INFO - [generated in 0.00071s] (3,)
2026-09-09 23:23:55,007 - sqlalchemy.engine.Engine - INFO - SELECT conversations.id AS conversations_id, conversations.user_id AS conversations_user_id, conversations.title AS conversations_title, conversations.property_id AS conversations_property_id, conversations.created_at AS conversations_created_at, conversations.updated_at AS conversations_updated_at 
FROM conversations 
WHERE conversations.id = ?
2026-09-09 23:23:55,007 - sqlalchemy.engine.Engine - INFO - [cached since 0.04465s ago] (3,)
2026-09-09 23:23:55,008 - sqlalchemy.engine.Engine - INFO - ROLLBACK
2026-09-09 23:25:24,092 - sqlalchemy.engine.Engine - INFO - BEGIN (implicit)
2026-09-09 23:25:24,105 - sqlalchemy.engine.Engine - INFO - SELECT anon_1.properties_id AS anon_1_properties_id, anon_1.properties_title AS anon_1_properties_title, anon_1.properties_description AS anon_1_properties_description, anon_1.properties_slug AS anon_1_properties_slug, anon_1.properties_price AS anon_1_properties_price, anon_1.properties_price_per_sqft AS anon_1_properties_price_per_sqft, anon_1.properties_maintenance_charge AS anon_1_properties_maintenance_charge, anon_1.properties_property_type AS anon_1_properties_property_type, anon_1.properties_listing_type AS anon_1_properties_listing_type, anon_1.properties_bedrooms AS anon_1_properties_bedrooms, anon_1.properties_bathrooms AS anon_1_properties_bathrooms, anon_1.properties_balconies AS anon_1_properties_balconies, anon_1.properties_area_sqft AS anon_1_properties_area_sqft, anon_1.properties_carpet_area_sqft AS anon_1_properties_carpet_area_sqft, anon_1.properties_floor AS anon_1_properties_floor, anon_1.properties_total_floors AS anon_1_properties_total_floors, anon_1.properties_property_age AS anon_1_properties_property_age, anon_1.properties_facing AS anon_1_properties_facing, anon_1.properties_furnishing AS anon_1_properties_furnishing, anon_1.properties_parking AS anon_1_properties_parking, anon_1.properties_construction_status AS anon_1_properties_construction_status, anon_1.properties_address AS anon_1_properties_address, anon_1.properties_locality AS anon_1_properties_locality, anon_1.properties_city AS anon_1_properties_city, anon_1.properties_state AS anon_1_properties_state, anon_1.properties_pincode AS anon_1_properties_pincode, anon_1.properties_latitude AS anon_1_properties_latitude, anon_1.properties_longitude AS anon_1_properties_longitude, anon_1.properties_builder_name AS anon_1_properties_builder_name, anon_1.properties_project_name AS anon_1_properties_project_name, anon_1.properties_source AS anon_1_properties_source, anon_1.properties_source_url AS anon_1_properties_source_url, anon_1.properties_source_id AS anon_1_properties_source_id, anon_1.properties_verification_status AS anon_1_properties_verification_status, anon_1.properties_is_featured AS anon_1_properties_is_featured, anon_1.properties_is_active AS anon_1_properties_is_active, anon_1.properties_is_synthetic AS anon_1_properties_is_synthetic, anon_1.properties_image_urls AS anon_1_properties_image_urls, anon_1.properties_listed_at AS anon_1_properties_listed_at, anon_1.properties_created_at AS anon_1_properties_created_at, anon_1.properties_updated_at AS anon_1_properties_updated_at, amenities_1.id AS amenities_1_id, amenities_1.name AS amenities_1_name, amenities_1.category AS amenities_1_category, amenities_1.icon AS amenities_1_icon 
FROM (SELECT properties.id AS properties_id, properties.title AS properties_title, properties.description AS properties_description, properties.slug AS properties_slug, properties.price AS properties_price, properties.price_per_sqft AS properties_price_per_sqft, properties.maintenance_charge AS properties_maintenance_charge, properties.property_type AS properties_property_type, properties.listing_type AS properties_listing_type, properties.bedrooms AS properties_bedrooms, properties.bathrooms AS properties_bathrooms, properties.balconies AS properties_balconies, properties.area_sqft AS properties_area_sqft, properties.carpet_area_sqft AS properties_carpet_area_sqft, properties.floor AS properties_floor, properties.total_floors AS properties_total_floors, properties.property_age AS properties_property_age, properties.facing AS properties_facing, properties.furnishing AS properties_furnishing, properties.parking AS properties_parking, properties.construction_status AS properties_construction_status, properties.address AS properties_address, properties.locality AS properties_locality, properties.city AS properties_city, properties.state AS properties_state, properties.pincode AS properties_pincode, properties.latitude AS properties_latitude, properties.longitude AS properties_longitude, properties.builder_name AS properties_builder_name, properties.project_name AS properties_project_name, properties.source AS properties_source, properties.source_url AS properties_source_url, properties.source_id AS properties_source_id, properties.verification_status AS properties_verification_status, properties.is_featured AS properties_is_featured, properties.is_active AS properties_is_active, properties.is_synthetic AS properties_is_synthetic, properties.image_urls AS properties_image_urls, properties.listed_at AS properties_listed_at, properties.created_at AS properties_created_at, properties.updated_at AS properties_updated_at 
FROM properties 
WHERE properties.is_active = 1 AND properties.is_featured = 1 ORDER BY properties.created_at DESC
 LIMIT ? OFFSET ?) AS anon_1 LEFT OUTER JOIN (property_amenities AS property_amenities_1 JOIN amenities AS amenities_1 ON amenities_1.id = property_amenities_1.amenity_id) ON anon_1.properties_id = property_amenities_1.property_id ORDER BY anon_1.properties_created_at DESC
2026-09-09 23:25:24,107 - sqlalchemy.engine.Engine - INFO - [generated in 0.00228s] (6, 0)
2026-09-09 23:25:24,115 - sqlalchemy.engine.Engine - INFO - ROLLBACK
2026-09-09 23:25:24,122 - sqlalchemy.engine.Engine - INFO - BEGIN (implicit)
2026-09-09 23:25:24,124 - sqlalchemy.engine.Engine - INFO - SELECT anon_1.properties_id AS anon_1_properties_id, anon_1.properties_title AS anon_1_properties_title, anon_1.properties_description AS anon_1_properties_description, anon_1.properties_slug AS anon_1_properties_slug, anon_1.properties_price AS anon_1_properties_price, anon_1.properties_price_per_sqft AS anon_1_properties_price_per_sqft, anon_1.properties_maintenance_charge AS anon_1_properties_maintenance_charge, anon_1.properties_property_type AS anon_1_properties_property_type, anon_1.properties_listing_type AS anon_1_properties_listing_type, anon_1.properties_bedrooms AS anon_1_properties_bedrooms, anon_1.properties_bathrooms AS anon_1_properties_bathrooms, anon_1.properties_balconies AS anon_1_properties_balconies, anon_1.properties_area_sqft AS anon_1_properties_area_sqft, anon_1.properties_carpet_area_sqft AS anon_1_properties_carpet_area_sqft, anon_1.properties_floor AS anon_1_properties_floor, anon_1.properties_total_floors AS anon_1_properties_total_floors, anon_1.properties_property_age AS anon_1_properties_property_age, anon_1.properties_facing AS anon_1_properties_facing, anon_1.properties_furnishing AS anon_1_properties_furnishing, anon_1.properties_parking AS anon_1_properties_parking, anon_1.properties_construction_status AS anon_1_properties_construction_status, anon_1.properties_address AS anon_1_properties_address, anon_1.properties_locality AS anon_1_properties_locality, anon_1.properties_city AS anon_1_properties_city, anon_1.properties_state AS anon_1_properties_state, anon_1.properties_pincode AS anon_1_properties_pincode, anon_1.properties_latitude AS anon_1_properties_latitude, anon_1.properties_longitude AS anon_1_properties_longitude, anon_1.properties_builder_name AS anon_1_properties_builder_name, anon_1.properties_project_name AS anon_1_properties_project_name, anon_1.properties_source AS anon_1_properties_source, anon_1.properties_source_url AS anon_1_properties_source_url, anon_1.properties_source_id AS anon_1_properties_source_id, anon_1.properties_verification_status AS anon_1_properties_verification_status, anon_1.properties_is_featured AS anon_1_properties_is_featured, anon_1.properties_is_active AS anon_1_properties_is_active, anon_1.properties_is_synthetic AS anon_1_properties_is_synthetic, anon_1.properties_image_urls AS anon_1_properties_image_urls, anon_1.properties_listed_at AS anon_1_properties_listed_at, anon_1.properties_created_at AS anon_1_properties_created_at, anon_1.properties_updated_at AS anon_1_properties_updated_at, amenities_1.id AS amenities_1_id, amenities_1.name AS amenities_1_name, amenities_1.category AS amenities_1_category, amenities_1.icon AS amenities_1_icon 
FROM (SELECT properties.id AS properties_id, properties.title AS properties_title, properties.description AS properties_description, properties.slug AS properties_slug, properties.price AS properties_price, properties.price_per_sqft AS properties_price_per_sqft, properties.maintenance_charge AS properties_maintenance_charge, properties.property_type AS properties_property_type, properties.listing_type AS properties_listing_type, properties.bedrooms AS properties_bedrooms, properties.bathrooms AS properties_bathrooms, properties.balconies AS properties_balconies, properties.area_sqft AS properties_area_sqft, properties.carpet_area_sqft AS properties_carpet_area_sqft, properties.floor AS properties_floor, properties.total_floors AS properties_total_floors, properties.property_age AS properties_property_age, properties.facing AS properties_facing, properties.furnishing AS properties_furnishing, properties.parking AS properties_parking, properties.construction_status AS properties_construction_status, properties.address AS properties_address, properties.locality AS properties_locality, properties.city AS properties_city, properties.state AS properties_state, properties.pincode AS properties_pincode, properties.latitude AS properties_latitude, properties.longitude AS properties_longitude, properties.builder_name AS properties_builder_name, properties.project_name AS properties_project_name, properties.source AS properties_source, properties.source_url AS properties_source_url, properties.source_id AS properties_source_id, properties.verification_status AS properties_verification_status, properties.is_featured AS properties_is_featured, properties.is_active AS properties_is_active, properties.is_synthetic AS properties_is_synthetic, properties.image_urls AS properties_image_urls, properties.listed_at AS properties_listed_at, properties.created_at AS properties_created_at, properties.updated_at AS properties_updated_at 
FROM properties 
WHERE properties.is_active = 1 AND properties.is_featured = 1 ORDER BY properties.created_at DESC
 LIMIT ? OFFSET ?) AS anon_1 LEFT OUTER JOIN (property_amenities AS property_amenities_1 JOIN amenities AS amenities_1 ON amenities_1.id = property_amenities_1.amenity_id) ON anon_1.properties_id = property_amenities_1.property_id ORDER BY anon_1.properties_created_at DESC
2026-09-09 23:25:24,125 - sqlalchemy.engine.Engine - INFO - [cached since 0.02029s ago] (6, 0)
2026-09-09 23:25:24,133 - sqlalchemy.engine.Engine - INFO - ROLLBACK
2026-09-09 23:29:31,027 - sqlalchemy.engine.Engine - INFO - BEGIN (implicit)
2026-09-09 23:29:31,031 - sqlalchemy.engine.Engine - INFO - SELECT anon_1.properties_id AS anon_1_properties_id, anon_1.properties_title AS anon_1_properties_title, anon_1.properties_description AS anon_1_properties_description, anon_1.properties_slug AS anon_1_properties_slug, anon_1.properties_price AS anon_1_properties_price, anon_1.properties_price_per_sqft AS anon_1_properties_price_per_sqft, anon_1.properties_maintenance_charge AS anon_1_properties_maintenance_charge, anon_1.properties_property_type AS anon_1_properties_property_type, anon_1.properties_listing_type AS anon_1_properties_listing_type, anon_1.properties_bedrooms AS anon_1_properties_bedrooms, anon_1.properties_bathrooms AS anon_1_properties_bathrooms, anon_1.properties_balconies AS anon_1_properties_balconies, anon_1.properties_area_sqft AS anon_1_properties_area_sqft, anon_1.properties_carpet_area_sqft AS anon_1_properties_carpet_area_sqft, anon_1.properties_floor AS anon_1_properties_floor, anon_1.properties_total_floors AS anon_1_properties_total_floors, anon_1.properties_property_age AS anon_1_properties_property_age, anon_1.properties_facing AS anon_1_properties_facing, anon_1.properties_furnishing AS anon_1_properties_furnishing, anon_1.properties_parking AS anon_1_properties_parking, anon_1.properties_construction_status AS anon_1_properties_construction_status, anon_1.properties_address AS anon_1_properties_address, anon_1.properties_locality AS anon_1_properties_locality, anon_1.properties_city AS anon_1_properties_city, anon_1.properties_state AS anon_1_properties_state, anon_1.properties_pincode AS anon_1_properties_pincode, anon_1.properties_latitude AS anon_1_properties_latitude, anon_1.properties_longitude AS anon_1_properties_longitude, anon_1.properties_builder_name AS anon_1_properties_builder_name, anon_1.properties_project_name AS anon_1_properties_project_name, anon_1.properties_source AS anon_1_properties_source, anon_1.properties_source_url AS anon_1_properties_source_url, anon_1.properties_source_id AS anon_1_properties_source_id, anon_1.properties_verification_status AS anon_1_properties_verification_status, anon_1.properties_is_featured AS anon_1_properties_is_featured, anon_1.properties_is_active AS anon_1_properties_is_active, anon_1.properties_is_synthetic AS anon_1_properties_is_synthetic, anon_1.properties_image_urls AS anon_1_properties_image_urls, anon_1.properties_listed_at AS anon_1_properties_listed_at, anon_1.properties_created_at AS anon_1_properties_created_at, anon_1.properties_updated_at AS anon_1_properties_updated_at, amenities_1.id AS amenities_1_id, amenities_1.name AS amenities_1_name, amenities_1.category AS amenities_1_category, amenities_1.icon AS amenities_1_icon 
FROM (SELECT properties.id AS properties_id, properties.title AS properties_title, properties.description AS properties_description, properties.slug AS properties_slug, properties.price AS properties_price, properties.price_per_sqft AS properties_price_per_sqft, properties.maintenance_charge AS properties_maintenance_charge, properties.property_type AS properties_property_type, properties.listing_type AS properties_listing_type, properties.bedrooms AS properties_bedrooms, properties.bathrooms AS properties_bathrooms, properties.balconies AS properties_balconies, properties.area_sqft AS properties_area_sqft, properties.carpet_area_sqft AS properties_carpet_area_sqft, properties.floor AS properties_floor, properties.total_floors AS properties_total_floors, properties.property_age AS properties_property_age, properties.facing AS properties_facing, properties.furnishing AS properties_furnishing, properties.parking AS properties_parking, properties.construction_status AS properties_construction_status, properties.address AS properties_address, properties.locality AS properties_locality, properties.city AS properties_city, properties.state AS properties_state, properties.pincode AS properties_pincode, properties.latitude AS properties_latitude, properties.longitude AS properties_longitude, properties.builder_name AS properties_builder_name, properties.project_name AS properties_project_name, properties.source AS properties_source, properties.source_url AS properties_source_url, properties.source_id AS properties_source_id, properties.verification_status AS properties_verification_status, properties.is_featured AS properties_is_featured, properties.is_active AS properties_is_active, properties.is_synthetic AS properties_is_synthetic, properties.image_urls AS properties_image_urls, properties.listed_at AS properties_listed_at, properties.created_at AS properties_created_at, properties.updated_at AS properties_updated_at 
FROM properties 
WHERE properties.is_active = 1 AND properties.is_featured = 1 ORDER BY properties.created_at DESC
 LIMIT ? OFFSET ?) AS anon_1 LEFT OUTER JOIN (property_amenities AS property_amenities_1 JOIN amenities AS amenities_1 ON amenities_1.id = property_amenities_1.amenity_id) ON anon_1.properties_id = property_amenities_1.property_id ORDER BY anon_1.properties_created_at DESC
2026-09-09 23:29:31,032 - sqlalchemy.engine.Engine - INFO - [cached since 246.9s ago] (6, 0)
2026-09-09 23:29:31,044 - sqlalchemy.engine.Engine - INFO - ROLLBACK
2026-09-09 23:29:31,052 - sqlalchemy.engine.Engine - INFO - BEGIN (implicit)
2026-09-09 23:29:31,055 - sqlalchemy.engine.Engine - INFO - SELECT anon_1.properties_id AS anon_1_properties_id, anon_1.properties_title AS anon_1_properties_title, anon_1.properties_description AS anon_1_properties_description, anon_1.properties_slug AS anon_1_properties_slug, anon_1.properties_price AS anon_1_properties_price, anon_1.properties_price_per_sqft AS anon_1_properties_price_per_sqft, anon_1.properties_maintenance_charge AS anon_1_properties_maintenance_charge, anon_1.properties_property_type AS anon_1_properties_property_type, anon_1.properties_listing_type AS anon_1_properties_listing_type, anon_1.properties_bedrooms AS anon_1_properties_bedrooms, anon_1.properties_bathrooms AS anon_1_properties_bathrooms, anon_1.properties_balconies AS anon_1_properties_balconies, anon_1.properties_area_sqft AS anon_1_properties_area_sqft, anon_1.properties_carpet_area_sqft AS anon_1_properties_carpet_area_sqft, anon_1.properties_floor AS anon_1_properties_floor, anon_1.properties_total_floors AS anon_1_properties_total_floors, anon_1.properties_property_age AS anon_1_properties_property_age, anon_1.properties_facing AS anon_1_properties_facing, anon_1.properties_furnishing AS anon_1_properties_furnishing, anon_1.properties_parking AS anon_1_properties_parking, anon_1.properties_construction_status AS anon_1_properties_construction_status, anon_1.properties_address AS anon_1_properties_address, anon_1.properties_locality AS anon_1_properties_locality, anon_1.properties_city AS anon_1_properties_city, anon_1.properties_state AS anon_1_properties_state, anon_1.properties_pincode AS anon_1_properties_pincode, anon_1.properties_latitude AS anon_1_properties_latitude, anon_1.properties_longitude AS anon_1_properties_longitude, anon_1.properties_builder_name AS anon_1_properties_builder_name, anon_1.properties_project_name AS anon_1_properties_project_name, anon_1.properties_source AS anon_1_properties_source, anon_1.properties_source_url AS anon_1_properties_source_url, anon_1.properties_source_id AS anon_1_properties_source_id, anon_1.properties_verification_status AS anon_1_properties_verification_status, anon_1.properties_is_featured AS anon_1_properties_is_featured, anon_1.properties_is_active AS anon_1_properties_is_active, anon_1.properties_is_synthetic AS anon_1_properties_is_synthetic, anon_1.properties_image_urls AS anon_1_properties_image_urls, anon_1.properties_listed_at AS anon_1_properties_listed_at, anon_1.properties_created_at AS anon_1_properties_created_at, anon_1.properties_updated_at AS anon_1_properties_updated_at, amenities_1.id AS amenities_1_id, amenities_1.name AS amenities_1_name, amenities_1.category AS amenities_1_category, amenities_1.icon AS amenities_1_icon 
FROM (SELECT properties.id AS properties_id, properties.title AS properties_title, properties.description AS properties_description, properties.slug AS properties_slug, properties.price AS properties_price, properties.price_per_sqft AS properties_price_per_sqft, properties.maintenance_charge AS properties_maintenance_charge, properties.property_type AS properties_property_type, properties.listing_type AS properties_listing_type, properties.bedrooms AS properties_bedrooms, properties.bathrooms AS properties_bathrooms, properties.balconies AS properties_balconies, properties.area_sqft AS properties_area_sqft, properties.carpet_area_sqft AS properties_carpet_area_sqft, properties.floor AS properties_floor, properties.total_floors AS properties_total_floors, properties.property_age AS properties_property_age, properties.facing AS properties_facing, properties.furnishing AS properties_furnishing, properties.parking AS properties_parking, properties.construction_status AS properties_construction_status, properties.address AS properties_address, properties.locality AS properties_locality, properties.city AS properties_city, properties.state AS properties_state, properties.pincode AS properties_pincode, properties.latitude AS properties_latitude, properties.longitude AS properties_longitude, properties.builder_name AS properties_builder_name, properties.project_name AS properties_project_name, properties.source AS properties_source, properties.source_url AS properties_source_url, properties.source_id AS properties_source_id, properties.verification_status AS properties_verification_status, properties.is_featured AS properties_is_featured, properties.is_active AS properties_is_active, properties.is_synthetic AS properties_is_synthetic, properties.image_urls AS properties_image_urls, properties.listed_at AS properties_listed_at, properties.created_at AS properties_created_at, properties.updated_at AS properties_updated_at 
FROM properties 
WHERE properties.is_active = 1 AND properties.is_featured = 1 ORDER BY properties.created_at DESC
 LIMIT ? OFFSET ?) AS anon_1 LEFT OUTER JOIN (property_amenities AS property_amenities_1 JOIN amenities AS amenities_1 ON amenities_1.id = property_amenities_1.amenity_id) ON anon_1.properties_id = property_amenities_1.property_id ORDER BY anon_1.properties_created_at DESC
2026-09-09 23:29:31,057 - sqlalchemy.engine.Engine - INFO - [cached since 247s ago] (6, 0)
2026-09-09 23:29:31,065 - sqlalchemy.engine.Engine - INFO - ROLLBACK
2026-09-09 23:32:50,852 - sqlalchemy.engine.Engine - INFO - BEGIN (implicit)
2026-09-09 23:32:50,857 - sqlalchemy.engine.Engine - INFO - SELECT anon_1.properties_id AS anon_1_properties_id, anon_1.properties_title AS anon_1_properties_title, anon_1.properties_description AS anon_1_properties_description, anon_1.properties_slug AS anon_1_properties_slug, anon_1.properties_price AS anon_1_properties_price, anon_1.properties_price_per_sqft AS anon_1_properties_price_per_sqft, anon_1.properties_maintenance_charge AS anon_1_properties_maintenance_charge, anon_1.properties_property_type AS anon_1_properties_property_type, anon_1.properties_listing_type AS anon_1_properties_listing_type, anon_1.properties_bedrooms AS anon_1_properties_bedrooms, anon_1.properties_bathrooms AS anon_1_properties_bathrooms, anon_1.properties_balconies AS anon_1_properties_balconies, anon_1.properties_area_sqft AS anon_1_properties_area_sqft, anon_1.properties_carpet_area_sqft AS anon_1_properties_carpet_area_sqft, anon_1.properties_floor AS anon_1_properties_floor, anon_1.properties_total_floors AS anon_1_properties_total_floors, anon_1.properties_property_age AS anon_1_properties_property_age, anon_1.properties_facing AS anon_1_properties_facing, anon_1.properties_furnishing AS anon_1_properties_furnishing, anon_1.properties_parking AS anon_1_properties_parking, anon_1.properties_construction_status AS anon_1_properties_construction_status, anon_1.properties_address AS anon_1_properties_address, anon_1.properties_locality AS anon_1_properties_locality, anon_1.properties_city AS anon_1_properties_city, anon_1.properties_state AS anon_1_properties_state, anon_1.properties_pincode AS anon_1_properties_pincode, anon_1.properties_latitude AS anon_1_properties_latitude, anon_1.properties_longitude AS anon_1_properties_longitude, anon_1.properties_builder_name AS anon_1_properties_builder_name, anon_1.properties_project_name AS anon_1_properties_project_name, anon_1.properties_source AS anon_1_properties_source, anon_1.properties_source_url AS anon_1_properties_source_url, anon_1.properties_source_id AS anon_1_properties_source_id, anon_1.properties_verification_status AS anon_1_properties_verification_status, anon_1.properties_is_featured AS anon_1_properties_is_featured, anon_1.properties_is_active AS anon_1_properties_is_active, anon_1.properties_is_synthetic AS anon_1_properties_is_synthetic, anon_1.properties_image_urls AS anon_1_properties_image_urls, anon_1.properties_listed_at AS anon_1_properties_listed_at, anon_1.properties_created_at AS anon_1_properties_created_at, anon_1.properties_updated_at AS anon_1_properties_updated_at, amenities_1.id AS amenities_1_id, amenities_1.name AS amenities_1_name, amenities_1.category AS amenities_1_category, amenities_1.icon AS amenities_1_icon 
FROM (SELECT properties.id AS properties_id, properties.title AS properties_title, properties.description AS properties_description, properties.slug AS properties_slug, properties.price AS properties_price, properties.price_per_sqft AS properties_price_per_sqft, properties.maintenance_charge AS properties_maintenance_charge, properties.property_type AS properties_property_type, properties.listing_type AS properties_listing_type, properties.bedrooms AS properties_bedrooms, properties.bathrooms AS properties_bathrooms, properties.balconies AS properties_balconies, properties.area_sqft AS properties_area_sqft, properties.carpet_area_sqft AS properties_carpet_area_sqft, properties.floor AS properties_floor, properties.total_floors AS properties_total_floors, properties.property_age AS properties_property_age, properties.facing AS properties_facing, properties.furnishing AS properties_furnishing, properties.parking AS properties_parking, properties.construction_status AS properties_construction_status, properties.address AS properties_address, properties.locality AS properties_locality, properties.city AS properties_city, properties.state AS properties_state, properties.pincode AS properties_pincode, properties.latitude AS properties_latitude, properties.longitude AS properties_longitude, properties.builder_name AS properties_builder_name, properties.project_name AS properties_project_name, properties.source AS properties_source, properties.source_url AS properties_source_url, properties.source_id AS properties_source_id, properties.verification_status AS properties_verification_status, properties.is_featured AS properties_is_featured, properties.is_active AS properties_is_active, properties.is_synthetic AS properties_is_synthetic, properties.image_urls AS properties_image_urls, properties.listed_at AS properties_listed_at, properties.created_at AS properties_created_at, properties.updated_at AS properties_updated_at 
FROM properties 
WHERE properties.is_active = 1 AND properties.is_featured = 1 ORDER BY properties.created_at DESC
 LIMIT ? OFFSET ?) AS anon_1 LEFT OUTER JOIN (property_amenities AS property_amenities_1 JOIN amenities AS amenities_1 ON amenities_1.id = property_amenities_1.amenity_id) ON anon_1.properties_id = property_amenities_1.property_id ORDER BY anon_1.properties_created_at DESC
2026-09-09 23:32:50,858 - sqlalchemy.engine.Engine - INFO - [cached since 446.8s ago] (6, 0)
2026-09-09 23:32:50,870 - sqlalchemy.engine.Engine - INFO - ROLLBACK
2026-09-09 23:32:50,882 - sqlalchemy.engine.Engine - INFO - BEGIN (implicit)
2026-09-09 23:32:50,884 - sqlalchemy.engine.Engine - INFO - SELECT anon_1.properties_id AS anon_1_properties_id, anon_1.properties_title AS anon_1_properties_title, anon_1.properties_description AS anon_1_properties_description, anon_1.properties_slug AS anon_1_properties_slug, anon_1.properties_price AS anon_1_properties_price, anon_1.properties_price_per_sqft AS anon_1_properties_price_per_sqft, anon_1.properties_maintenance_charge AS anon_1_properties_maintenance_charge, anon_1.properties_property_type AS anon_1_properties_property_type, anon_1.properties_listing_type AS anon_1_properties_listing_type, anon_1.properties_bedrooms AS anon_1_properties_bedrooms, anon_1.properties_bathrooms AS anon_1_properties_bathrooms, anon_1.properties_balconies AS anon_1_properties_balconies, anon_1.properties_area_sqft AS anon_1_properties_area_sqft, anon_1.properties_carpet_area_sqft AS anon_1_properties_carpet_area_sqft, anon_1.properties_floor AS anon_1_properties_floor, anon_1.properties_total_floors AS anon_1_properties_total_floors, anon_1.properties_property_age AS anon_1_properties_property_age, anon_1.properties_facing AS anon_1_properties_facing, anon_1.properties_furnishing AS anon_1_properties_furnishing, anon_1.properties_parking AS anon_1_properties_parking, anon_1.properties_construction_status AS anon_1_properties_construction_status, anon_1.properties_address AS anon_1_properties_address, anon_1.properties_locality AS anon_1_properties_locality, anon_1.properties_city AS anon_1_properties_city, anon_1.properties_state AS anon_1_properties_state, anon_1.properties_pincode AS anon_1_properties_pincode, anon_1.properties_latitude AS anon_1_properties_latitude, anon_1.properties_longitude AS anon_1_properties_longitude, anon_1.properties_builder_name AS anon_1_properties_builder_name, anon_1.properties_project_name AS anon_1_properties_project_name, anon_1.properties_source AS anon_1_properties_source, anon_1.properties_source_url AS anon_1_properties_source_url, anon_1.properties_source_id AS anon_1_properties_source_id, anon_1.properties_verification_status AS anon_1_properties_verification_status, anon_1.properties_is_featured AS anon_1_properties_is_featured, anon_1.properties_is_active AS anon_1_properties_is_active, anon_1.properties_is_synthetic AS anon_1_properties_is_synthetic, anon_1.properties_image_urls AS anon_1_properties_image_urls, anon_1.properties_listed_at AS anon_1_properties_listed_at, anon_1.properties_created_at AS anon_1_properties_created_at, anon_1.properties_updated_at AS anon_1_properties_updated_at, amenities_1.id AS amenities_1_id, amenities_1.name AS amenities_1_name, amenities_1.category AS amenities_1_category, amenities_1.icon AS amenities_1_icon 
FROM (SELECT properties.id AS properties_id, properties.title AS properties_title, properties.description AS properties_description, properties.slug AS properties_slug, properties.price AS properties_price, properties.price_per_sqft AS properties_price_per_sqft, properties.maintenance_charge AS properties_maintenance_charge, properties.property_type AS properties_property_type, properties.listing_type AS properties_listing_type, properties.bedrooms AS properties_bedrooms, properties.bathrooms AS properties_bathrooms, properties.balconies AS properties_balconies, properties.area_sqft AS properties_area_sqft, properties.carpet_area_sqft AS properties_carpet_area_sqft, properties.floor AS properties_floor, properties.total_floors AS properties_total_floors, properties.property_age AS properties_property_age, properties.facing AS properties_facing, properties.furnishing AS properties_furnishing, properties.parking AS properties_parking, properties.construction_status AS properties_construction_status, properties.address AS properties_address, properties.locality AS properties_locality, properties.city AS properties_city, properties.state AS properties_state, properties.pincode AS properties_pincode, properties.latitude AS properties_latitude, properties.longitude AS properties_longitude, properties.builder_name AS properties_builder_name, properties.project_name AS properties_project_name, properties.source AS properties_source, properties.source_url AS properties_source_url, properties.source_id AS properties_source_id, properties.verification_status AS properties_verification_status, properties.is_featured AS properties_is_featured, properties.is_active AS properties_is_active, properties.is_synthetic AS properties_is_synthetic, properties.image_urls AS properties_image_urls, properties.listed_at AS properties_listed_at, properties.created_at AS properties_created_at, properties.updated_at AS properties_updated_at 
FROM properties 
WHERE properties.is_active = 1 AND properties.is_featured = 1 ORDER BY properties.created_at DESC
 LIMIT ? OFFSET ?) AS anon_1 LEFT OUTER JOIN (property_amenities AS property_amenities_1 JOIN amenities AS amenities_1 ON amenities_1.id = property_amenities_1.amenity_id) ON anon_1.properties_id = property_amenities_1.property_id ORDER BY anon_1.properties_created_at DESC
2026-09-09 23:32:50,885 - sqlalchemy.engine.Engine - INFO - [cached since 446.8s ago] (6, 0)
2026-09-09 23:32:50,895 - sqlalchemy.engine.Engine - INFO - ROLLBACK
2026-09-09 23:34:07,604 - sqlalchemy.engine.Engine - INFO - BEGIN (implicit)
2026-09-09 23:34:07,608 - sqlalchemy.engine.Engine - INFO - SELECT anon_1.properties_id AS anon_1_properties_id, anon_1.properties_title AS anon_1_properties_title, anon_1.properties_description AS anon_1_properties_description, anon_1.properties_slug AS anon_1_properties_slug, anon_1.properties_price AS anon_1_properties_price, anon_1.properties_price_per_sqft AS anon_1_properties_price_per_sqft, anon_1.properties_maintenance_charge AS anon_1_properties_maintenance_charge, anon_1.properties_property_type AS anon_1_properties_property_type, anon_1.properties_listing_type AS anon_1_properties_listing_type, anon_1.properties_bedrooms AS anon_1_properties_bedrooms, anon_1.properties_bathrooms AS anon_1_properties_bathrooms, anon_1.properties_balconies AS anon_1_properties_balconies, anon_1.properties_area_sqft AS anon_1_properties_area_sqft, anon_1.properties_carpet_area_sqft AS anon_1_properties_carpet_area_sqft, anon_1.properties_floor AS anon_1_properties_floor, anon_1.properties_total_floors AS anon_1_properties_total_floors, anon_1.properties_property_age AS anon_1_properties_property_age, anon_1.properties_facing AS anon_1_properties_facing, anon_1.properties_furnishing AS anon_1_properties_furnishing, anon_1.properties_parking AS anon_1_properties_parking, anon_1.properties_construction_status AS anon_1_properties_construction_status, anon_1.properties_address AS anon_1_properties_address, anon_1.properties_locality AS anon_1_properties_locality, anon_1.properties_city AS anon_1_properties_city, anon_1.properties_state AS anon_1_properties_state, anon_1.properties_pincode AS anon_1_properties_pincode, anon_1.properties_latitude AS anon_1_properties_latitude, anon_1.properties_longitude AS anon_1_properties_longitude, anon_1.properties_builder_name AS anon_1_properties_builder_name, anon_1.properties_project_name AS anon_1_properties_project_name, anon_1.properties_source AS anon_1_properties_source, anon_1.properties_source_url AS anon_1_properties_source_url, anon_1.properties_source_id AS anon_1_properties_source_id, anon_1.properties_verification_status AS anon_1_properties_verification_status, anon_1.properties_is_featured AS anon_1_properties_is_featured, anon_1.properties_is_active AS anon_1_properties_is_active, anon_1.properties_is_synthetic AS anon_1_properties_is_synthetic, anon_1.properties_image_urls AS anon_1_properties_image_urls, anon_1.properties_listed_at AS anon_1_properties_listed_at, anon_1.properties_created_at AS anon_1_properties_created_at, anon_1.properties_updated_at AS anon_1_properties_updated_at, amenities_1.id AS amenities_1_id, amenities_1.name AS amenities_1_name, amenities_1.category AS amenities_1_category, amenities_1.icon AS amenities_1_icon 
FROM (SELECT properties.id AS properties_id, properties.title AS properties_title, properties.description AS properties_description, properties.slug AS properties_slug, properties.price AS properties_price, properties.price_per_sqft AS properties_price_per_sqft, properties.maintenance_charge AS properties_maintenance_charge, properties.property_type AS properties_property_type, properties.listing_type AS properties_listing_type, properties.bedrooms AS properties_bedrooms, properties.bathrooms AS properties_bathrooms, properties.balconies AS properties_balconies, properties.area_sqft AS properties_area_sqft, properties.carpet_area_sqft AS properties_carpet_area_sqft, properties.floor AS properties_floor, properties.total_floors AS properties_total_floors, properties.property_age AS properties_property_age, properties.facing AS properties_facing, properties.furnishing AS properties_furnishing, properties.parking AS properties_parking, properties.construction_status AS properties_construction_status, properties.address AS properties_address, properties.locality AS properties_locality, properties.city AS properties_city, properties.state AS properties_state, properties.pincode AS properties_pincode, properties.latitude AS properties_latitude, properties.longitude AS properties_longitude, properties.builder_name AS properties_builder_name, properties.project_name AS properties_project_name, properties.source AS properties_source, properties.source_url AS properties_source_url, properties.source_id AS properties_source_id, properties.verification_status AS properties_verification_status, properties.is_featured AS properties_is_featured, properties.is_active AS properties_is_active, properties.is_synthetic AS properties_is_synthetic, properties.image_urls AS properties_image_urls, properties.listed_at AS properties_listed_at, properties.created_at AS properties_created_at, properties.updated_at AS properties_updated_at 
FROM properties 
WHERE properties.is_active = 1 AND properties.is_featured = 1 ORDER BY properties.created_at DESC
 LIMIT ? OFFSET ?) AS anon_1 LEFT OUTER JOIN (property_amenities AS property_amenities_1 JOIN amenities AS amenities_1 ON amenities_1.id = property_amenities_1.amenity_id) ON anon_1.properties_id = property_amenities_1.property_id ORDER BY anon_1.properties_created_at DESC
2026-09-09 23:34:07,611 - sqlalchemy.engine.Engine - INFO - [cached since 523.5s ago] (6, 0)
2026-09-09 23:34:07,625 - sqlalchemy.engine.Engine - INFO - ROLLBACK
2026-09-09 23:34:07,638 - sqlalchemy.engine.Engine - INFO - BEGIN (implicit)
2026-09-09 23:34:07,640 - sqlalchemy.engine.Engine - INFO - SELECT anon_1.properties_id AS anon_1_properties_id, anon_1.properties_title AS anon_1_properties_title, anon_1.properties_description AS anon_1_properties_description, anon_1.properties_slug AS anon_1_properties_slug, anon_1.properties_price AS anon_1_properties_price, anon_1.properties_price_per_sqft AS anon_1_properties_price_per_sqft, anon_1.properties_maintenance_charge AS anon_1_properties_maintenance_charge, anon_1.properties_property_type AS anon_1_properties_property_type, anon_1.properties_listing_type AS anon_1_properties_listing_type, anon_1.properties_bedrooms AS anon_1_properties_bedrooms, anon_1.properties_bathrooms AS anon_1_properties_bathrooms, anon_1.properties_balconies AS anon_1_properties_balconies, anon_1.properties_area_sqft AS anon_1_properties_area_sqft, anon_1.properties_carpet_area_sqft AS anon_1_properties_carpet_area_sqft, anon_1.properties_floor AS anon_1_properties_floor, anon_1.properties_total_floors AS anon_1_properties_total_floors, anon_1.properties_property_age AS anon_1_properties_property_age, anon_1.properties_facing AS anon_1_properties_facing, anon_1.properties_furnishing AS anon_1_properties_furnishing, anon_1.properties_parking AS anon_1_properties_parking, anon_1.properties_construction_status AS anon_1_properties_construction_status, anon_1.properties_address AS anon_1_properties_address, anon_1.properties_locality AS anon_1_properties_locality, anon_1.properties_city AS anon_1_properties_city, anon_1.properties_state AS anon_1_properties_state, anon_1.properties_pincode AS anon_1_properties_pincode, anon_1.properties_latitude AS anon_1_properties_latitude, anon_1.properties_longitude AS anon_1_properties_longitude, anon_1.properties_builder_name AS anon_1_properties_builder_name, anon_1.properties_project_name AS anon_1_properties_project_name, anon_1.properties_source AS anon_1_properties_source, anon_1.properties_source_url AS anon_1_properties_source_url, anon_1.properties_source_id AS anon_1_properties_source_id, anon_1.properties_verification_status AS anon_1_properties_verification_status, anon_1.properties_is_featured AS anon_1_properties_is_featured, anon_1.properties_is_active AS anon_1_properties_is_active, anon_1.properties_is_synthetic AS anon_1_properties_is_synthetic, anon_1.properties_image_urls AS anon_1_properties_image_urls, anon_1.properties_listed_at AS anon_1_properties_listed_at, anon_1.properties_created_at AS anon_1_properties_created_at, anon_1.properties_updated_at AS anon_1_properties_updated_at, amenities_1.id AS amenities_1_id, amenities_1.name AS amenities_1_name, amenities_1.category AS amenities_1_category, amenities_1.icon AS amenities_1_icon 
FROM (SELECT properties.id AS properties_id, properties.title AS properties_title, properties.description AS properties_description, properties.slug AS properties_slug, properties.price AS properties_price, properties.price_per_sqft AS properties_price_per_sqft, properties.maintenance_charge AS properties_maintenance_charge, properties.property_type AS properties_property_type, properties.listing_type AS properties_listing_type, properties.bedrooms AS properties_bedrooms, properties.bathrooms AS properties_bathrooms, properties.balconies AS properties_balconies, properties.area_sqft AS properties_area_sqft, properties.carpet_area_sqft AS properties_carpet_area_sqft, properties.floor AS properties_floor, properties.total_floors AS properties_total_floors, properties.property_age AS properties_property_age, properties.facing AS properties_facing, properties.furnishing AS properties_furnishing, properties.parking AS properties_parking, properties.construction_status AS properties_construction_status, properties.address AS properties_address, properties.locality AS properties_locality, properties.city AS properties_city, properties.state AS properties_state, properties.pincode AS properties_pincode, properties.latitude AS properties_latitude, properties.longitude AS properties_longitude, properties.builder_name AS properties_builder_name, properties.project_name AS properties_project_name, properties.source AS properties_source, properties.source_url AS properties_source_url, properties.source_id AS properties_source_id, properties.verification_status AS properties_verification_status, properties.is_featured AS properties_is_featured, properties.is_active AS properties_is_active, properties.is_synthetic AS properties_is_synthetic, properties.image_urls AS properties_image_urls, properties.listed_at AS properties_listed_at, properties.created_at AS properties_created_at, properties.updated_at AS properties_updated_at 
FROM properties 
WHERE properties.is_active = 1 AND properties.is_featured = 1 ORDER BY properties.created_at DESC
 LIMIT ? OFFSET ?) AS anon_1 LEFT OUTER JOIN (property_amenities AS property_amenities_1 JOIN amenities AS amenities_1 ON amenities_1.id = property_amenities_1.amenity_id) ON anon_1.properties_id = property_amenities_1.property_id ORDER BY anon_1.properties_created_at DESC
2026-09-09 23:34:07,642 - sqlalchemy.engine.Engine - INFO - [cached since 523.5s ago] (6, 0)
2026-09-09 23:34:07,652 - sqlalchemy.engine.Engine - INFO - ROLLBACK
2026-09-09 23:34:38,709 - sqlalchemy.engine.Engine - INFO - BEGIN (implicit)
2026-09-09 23:34:38,713 - sqlalchemy.engine.Engine - INFO - SELECT anon_1.properties_id AS anon_1_properties_id, anon_1.properties_title AS anon_1_properties_title, anon_1.properties_description AS anon_1_properties_description, anon_1.properties_slug AS anon_1_properties_slug, anon_1.properties_price AS anon_1_properties_price, anon_1.properties_price_per_sqft AS anon_1_properties_price_per_sqft, anon_1.properties_maintenance_charge AS anon_1_properties_maintenance_charge, anon_1.properties_property_type AS anon_1_properties_property_type, anon_1.properties_listing_type AS anon_1_properties_listing_type, anon_1.properties_bedrooms AS anon_1_properties_bedrooms, anon_1.properties_bathrooms AS anon_1_properties_bathrooms, anon_1.properties_balconies AS anon_1_properties_balconies, anon_1.properties_area_sqft AS anon_1_properties_area_sqft, anon_1.properties_carpet_area_sqft AS anon_1_properties_carpet_area_sqft, anon_1.properties_floor AS anon_1_properties_floor, anon_1.properties_total_floors AS anon_1_properties_total_floors, anon_1.properties_property_age AS anon_1_properties_property_age, anon_1.properties_facing AS anon_1_properties_facing, anon_1.properties_furnishing AS anon_1_properties_furnishing, anon_1.properties_parking AS anon_1_properties_parking, anon_1.properties_construction_status AS anon_1_properties_construction_status, anon_1.properties_address AS anon_1_properties_address, anon_1.properties_locality AS anon_1_properties_locality, anon_1.properties_city AS anon_1_properties_city, anon_1.properties_state AS anon_1_properties_state, anon_1.properties_pincode AS anon_1_properties_pincode, anon_1.properties_latitude AS anon_1_properties_latitude, anon_1.properties_longitude AS anon_1_properties_longitude, anon_1.properties_builder_name AS anon_1_properties_builder_name, anon_1.properties_project_name AS anon_1_properties_project_name, anon_1.properties_source AS anon_1_properties_source, anon_1.properties_source_url AS anon_1_properties_source_url, anon_1.properties_source_id AS anon_1_properties_source_id, anon_1.properties_verification_status AS anon_1_properties_verification_status, anon_1.properties_is_featured AS anon_1_properties_is_featured, anon_1.properties_is_active AS anon_1_properties_is_active, anon_1.properties_is_synthetic AS anon_1_properties_is_synthetic, anon_1.properties_image_urls AS anon_1_properties_image_urls, anon_1.properties_listed_at AS anon_1_properties_listed_at, anon_1.properties_created_at AS anon_1_properties_created_at, anon_1.properties_updated_at AS anon_1_properties_updated_at, amenities_1.id AS amenities_1_id, amenities_1.name AS amenities_1_name, amenities_1.category AS amenities_1_category, amenities_1.icon AS amenities_1_icon 
FROM (SELECT properties.id AS properties_id, properties.title AS properties_title, properties.description AS properties_description, properties.slug AS properties_slug, properties.price AS properties_price, properties.price_per_sqft AS properties_price_per_sqft, properties.maintenance_charge AS properties_maintenance_charge, properties.property_type AS properties_property_type, properties.listing_type AS properties_listing_type, properties.bedrooms AS properties_bedrooms, properties.bathrooms AS properties_bathrooms, properties.balconies AS properties_balconies, properties.area_sqft AS properties_area_sqft, properties.carpet_area_sqft AS properties_carpet_area_sqft, properties.floor AS properties_floor, properties.total_floors AS properties_total_floors, properties.property_age AS properties_property_age, properties.facing AS properties_facing, properties.furnishing AS properties_furnishing, properties.parking AS properties_parking, properties.construction_status AS properties_construction_status, properties.address AS properties_address, properties.locality AS properties_locality, properties.city AS properties_city, properties.state AS properties_state, properties.pincode AS properties_pincode, properties.latitude AS properties_latitude, properties.longitude AS properties_longitude, properties.builder_name AS properties_builder_name, properties.project_name AS properties_project_name, properties.source AS properties_source, properties.source_url AS properties_source_url, properties.source_id AS properties_source_id, properties.verification_status AS properties_verification_status, properties.is_featured AS properties_is_featured, properties.is_active AS properties_is_active, properties.is_synthetic AS properties_is_synthetic, properties.image_urls AS properties_image_urls, properties.listed_at AS properties_listed_at, properties.created_at AS properties_created_at, properties.updated_at AS properties_updated_at 
FROM properties 
WHERE properties.is_active = 1 AND properties.is_featured = 1 ORDER BY properties.created_at DESC
 LIMIT ? OFFSET ?) AS anon_1 LEFT OUTER JOIN (property_amenities AS property_amenities_1 JOIN amenities AS amenities_1 ON amenities_1.id = property_amenities_1.amenity_id) ON anon_1.properties_id = property_amenities_1.property_id ORDER BY anon_1.properties_created_at DESC
2026-09-09 23:34:38,714 - sqlalchemy.engine.Engine - INFO - [cached since 554.6s ago] (6, 0)
2026-09-09 23:34:38,721 - sqlalchemy.engine.Engine - INFO - ROLLBACK
2026-09-09 23:34:38,727 - sqlalchemy.engine.Engine - INFO - BEGIN (implicit)
2026-09-09 23:34:38,729 - sqlalchemy.engine.Engine - INFO - SELECT anon_1.properties_id AS anon_1_properties_id, anon_1.properties_title AS anon_1_properties_title, anon_1.properties_description AS anon_1_properties_description, anon_1.properties_slug AS anon_1_properties_slug, anon_1.properties_price AS anon_1_properties_price, anon_1.properties_price_per_sqft AS anon_1_properties_price_per_sqft, anon_1.properties_maintenance_charge AS anon_1_properties_maintenance_charge, anon_1.properties_property_type AS anon_1_properties_property_type, anon_1.properties_listing_type AS anon_1_properties_listing_type, anon_1.properties_bedrooms AS anon_1_properties_bedrooms, anon_1.properties_bathrooms AS anon_1_properties_bathrooms, anon_1.properties_balconies AS anon_1_properties_balconies, anon_1.properties_area_sqft AS anon_1_properties_area_sqft, anon_1.properties_carpet_area_sqft AS anon_1_properties_carpet_area_sqft, anon_1.properties_floor AS anon_1_properties_floor, anon_1.properties_total_floors AS anon_1_properties_total_floors, anon_1.properties_property_age AS anon_1_properties_property_age, anon_1.properties_facing AS anon_1_properties_facing, anon_1.properties_furnishing AS anon_1_properties_furnishing, anon_1.properties_parking AS anon_1_properties_parking, anon_1.properties_construction_status AS anon_1_properties_construction_status, anon_1.properties_address AS anon_1_properties_address, anon_1.properties_locality AS anon_1_properties_locality, anon_1.properties_city AS anon_1_properties_city, anon_1.properties_state AS anon_1_properties_state, anon_1.properties_pincode AS anon_1_properties_pincode, anon_1.properties_latitude AS anon_1_properties_latitude, anon_1.properties_longitude AS anon_1_properties_longitude, anon_1.properties_builder_name AS anon_1_properties_builder_name, anon_1.properties_project_name AS anon_1_properties_project_name, anon_1.properties_source AS anon_1_properties_source, anon_1.properties_source_url AS anon_1_properties_source_url, anon_1.properties_source_id AS anon_1_properties_source_id, anon_1.properties_verification_status AS anon_1_properties_verification_status, anon_1.properties_is_featured AS anon_1_properties_is_featured, anon_1.properties_is_active AS anon_1_properties_is_active, anon_1.properties_is_synthetic AS anon_1_properties_is_synthetic, anon_1.properties_image_urls AS anon_1_properties_image_urls, anon_1.properties_listed_at AS anon_1_properties_listed_at, anon_1.properties_created_at AS anon_1_properties_created_at, anon_1.properties_updated_at AS anon_1_properties_updated_at, amenities_1.id AS amenities_1_id, amenities_1.name AS amenities_1_name, amenities_1.category AS amenities_1_category, amenities_1.icon AS amenities_1_icon 
FROM (SELECT properties.id AS properties_id, properties.title AS properties_title, properties.description AS properties_description, properties.slug AS properties_slug, properties.price AS properties_price, properties.price_per_sqft AS properties_price_per_sqft, properties.maintenance_charge AS properties_maintenance_charge, properties.property_type AS properties_property_type, properties.listing_type AS properties_listing_type, properties.bedrooms AS properties_bedrooms, properties.bathrooms AS properties_bathrooms, properties.balconies AS properties_balconies, properties.area_sqft AS properties_area_sqft, properties.carpet_area_sqft AS properties_carpet_area_sqft, properties.floor AS properties_floor, properties.total_floors AS properties_total_floors, properties.property_age AS properties_property_age, properties.facing AS properties_facing, properties.furnishing AS properties_furnishing, properties.parking AS properties_parking, properties.construction_status AS properties_construction_status, properties.address AS properties_address, properties.locality AS properties_locality, properties.city AS properties_city, properties.state AS properties_state, properties.pincode AS properties_pincode, properties.latitude AS properties_latitude, properties.longitude AS properties_longitude, properties.builder_name AS properties_builder_name, properties.project_name AS properties_project_name, properties.source AS properties_source, properties.source_url AS properties_source_url, properties.source_id AS properties_source_id, properties.verification_status AS properties_verification_status, properties.is_featured AS properties_is_featured, properties.is_active AS properties_is_active, properties.is_synthetic AS properties_is_synthetic, properties.image_urls AS properties_image_urls, properties.listed_at AS properties_listed_at, properties.created_at AS properties_created_at, properties.updated_at AS properties_updated_at 
FROM properties 
WHERE properties.is_active = 1 AND properties.is_featured = 1 ORDER BY properties.created_at DESC
 LIMIT ? OFFSET ?) AS anon_1 LEFT OUTER JOIN (property_amenities AS property_amenities_1 JOIN amenities AS amenities_1 ON amenities_1.id = property_amenities_1.amenity_id) ON anon_1.properties_id = property_amenities_1.property_id ORDER BY anon_1.properties_created_at DESC
2026-09-09 23:34:38,731 - sqlalchemy.engine.Engine - INFO - [cached since 554.6s ago] (6, 0)
2026-09-09 23:34:38,738 - sqlalchemy.engine.Engine - INFO - ROLLBACK
2026-09-09 23:37:22,925 - sqlalchemy.engine.Engine - INFO - BEGIN (implicit)
2026-09-09 23:37:22,927 - sqlalchemy.engine.Engine - INFO - SELECT anon_1.properties_id AS anon_1_properties_id, anon_1.properties_title AS anon_1_properties_title, anon_1.properties_description AS anon_1_properties_description, anon_1.properties_slug AS anon_1_properties_slug, anon_1.properties_price AS anon_1_properties_price, anon_1.properties_price_per_sqft AS anon_1_properties_price_per_sqft, anon_1.properties_maintenance_charge AS anon_1_properties_maintenance_charge, anon_1.properties_property_type AS anon_1_properties_property_type, anon_1.properties_listing_type AS anon_1_properties_listing_type, anon_1.properties_bedrooms AS anon_1_properties_bedrooms, anon_1.properties_bathrooms AS anon_1_properties_bathrooms, anon_1.properties_balconies AS anon_1_properties_balconies, anon_1.properties_area_sqft AS anon_1_properties_area_sqft, anon_1.properties_carpet_area_sqft AS anon_1_properties_carpet_area_sqft, anon_1.properties_floor AS anon_1_properties_floor, anon_1.properties_total_floors AS anon_1_properties_total_floors, anon_1.properties_property_age AS anon_1_properties_property_age, anon_1.properties_facing AS anon_1_properties_facing, anon_1.properties_furnishing AS anon_1_properties_furnishing, anon_1.properties_parking AS anon_1_properties_parking, anon_1.properties_construction_status AS anon_1_properties_construction_status, anon_1.properties_address AS anon_1_properties_address, anon_1.properties_locality AS anon_1_properties_locality, anon_1.properties_city AS anon_1_properties_city, anon_1.properties_state AS anon_1_properties_state, anon_1.properties_pincode AS anon_1_properties_pincode, anon_1.properties_latitude AS anon_1_properties_latitude, anon_1.properties_longitude AS anon_1_properties_longitude, anon_1.properties_builder_name AS anon_1_properties_builder_name, anon_1.properties_project_name AS anon_1_properties_project_name, anon_1.properties_source AS anon_1_properties_source, anon_1.properties_source_url AS anon_1_properties_source_url, anon_1.properties_source_id AS anon_1_properties_source_id, anon_1.properties_verification_status AS anon_1_properties_verification_status, anon_1.properties_is_featured AS anon_1_properties_is_featured, anon_1.properties_is_active AS anon_1_properties_is_active, anon_1.properties_is_synthetic AS anon_1_properties_is_synthetic, anon_1.properties_image_urls AS anon_1_properties_image_urls, anon_1.properties_listed_at AS anon_1_properties_listed_at, anon_1.properties_created_at AS anon_1_properties_created_at, anon_1.properties_updated_at AS anon_1_properties_updated_at, amenities_1.id AS amenities_1_id, amenities_1.name AS amenities_1_name, amenities_1.category AS amenities_1_category, amenities_1.icon AS amenities_1_icon 
FROM (SELECT properties.id AS properties_id, properties.title AS properties_title, properties.description AS properties_description, properties.slug AS properties_slug, properties.price AS properties_price, properties.price_per_sqft AS properties_price_per_sqft, properties.maintenance_charge AS properties_maintenance_charge, properties.property_type AS properties_property_type, properties.listing_type AS properties_listing_type, properties.bedrooms AS properties_bedrooms, properties.bathrooms AS properties_bathrooms, properties.balconies AS properties_balconies, properties.area_sqft AS properties_area_sqft, properties.carpet_area_sqft AS properties_carpet_area_sqft, properties.floor AS properties_floor, properties.total_floors AS properties_total_floors, properties.property_age AS properties_property_age, properties.facing AS properties_facing, properties.furnishing AS properties_furnishing, properties.parking AS properties_parking, properties.construction_status AS properties_construction_status, properties.address AS properties_address, properties.locality AS properties_locality, properties.city AS properties_city, properties.state AS properties_state, properties.pincode AS properties_pincode, properties.latitude AS properties_latitude, properties.longitude AS properties_longitude, properties.builder_name AS properties_builder_name, properties.project_name AS properties_project_name, properties.source AS properties_source, properties.source_url AS properties_source_url, properties.source_id AS properties_source_id, properties.verification_status AS properties_verification_status, properties.is_featured AS properties_is_featured, properties.is_active AS properties_is_active, properties.is_synthetic AS properties_is_synthetic, properties.image_urls AS properties_image_urls, properties.listed_at AS properties_listed_at, properties.created_at AS properties_created_at, properties.updated_at AS properties_updated_at 
FROM properties 
WHERE properties.is_active = 1 AND properties.is_featured = 1 ORDER BY properties.created_at DESC
 LIMIT ? OFFSET ?) AS anon_1 LEFT OUTER JOIN (property_amenities AS property_amenities_1 JOIN amenities AS amenities_1 ON amenities_1.id = property_amenities_1.amenity_id) ON anon_1.properties_id = property_amenities_1.property_id ORDER BY anon_1.properties_created_at DESC
2026-09-09 23:37:22,928 - sqlalchemy.engine.Engine - INFO - [cached since 718.8s ago] (6, 0)
2026-09-09 23:37:22,937 - sqlalchemy.engine.Engine - INFO - ROLLBACK
2026-09-09 23:37:22,941 - sqlalchemy.engine.Engine - INFO - BEGIN (implicit)
2026-09-09 23:37:22,943 - sqlalchemy.engine.Engine - INFO - SELECT anon_1.properties_id AS anon_1_properties_id, anon_1.properties_title AS anon_1_properties_title, anon_1.properties_description AS anon_1_properties_description, anon_1.properties_slug AS anon_1_properties_slug, anon_1.properties_price AS anon_1_properties_price, anon_1.properties_price_per_sqft AS anon_1_properties_price_per_sqft, anon_1.properties_maintenance_charge AS anon_1_properties_maintenance_charge, anon_1.properties_property_type AS anon_1_properties_property_type, anon_1.properties_listing_type AS anon_1_properties_listing_type, anon_1.properties_bedrooms AS anon_1_properties_bedrooms, anon_1.properties_bathrooms AS anon_1_properties_bathrooms, anon_1.properties_balconies AS anon_1_properties_balconies, anon_1.properties_area_sqft AS anon_1_properties_area_sqft, anon_1.properties_carpet_area_sqft AS anon_1_properties_carpet_area_sqft, anon_1.properties_floor AS anon_1_properties_floor, anon_1.properties_total_floors AS anon_1_properties_total_floors, anon_1.properties_property_age AS anon_1_properties_property_age, anon_1.properties_facing AS anon_1_properties_facing, anon_1.properties_furnishing AS anon_1_properties_furnishing, anon_1.properties_parking AS anon_1_properties_parking, anon_1.properties_construction_status AS anon_1_properties_construction_status, anon_1.properties_address AS anon_1_properties_address, anon_1.properties_locality AS anon_1_properties_locality, anon_1.properties_city AS anon_1_properties_city, anon_1.properties_state AS anon_1_properties_state, anon_1.properties_pincode AS anon_1_properties_pincode, anon_1.properties_latitude AS anon_1_properties_latitude, anon_1.properties_longitude AS anon_1_properties_longitude, anon_1.properties_builder_name AS anon_1_properties_builder_name, anon_1.properties_project_name AS anon_1_properties_project_name, anon_1.properties_source AS anon_1_properties_source, anon_1.properties_source_url AS anon_1_properties_source_url, anon_1.properties_source_id AS anon_1_properties_source_id, anon_1.properties_verification_status AS anon_1_properties_verification_status, anon_1.properties_is_featured AS anon_1_properties_is_featured, anon_1.properties_is_active AS anon_1_properties_is_active, anon_1.properties_is_synthetic AS anon_1_properties_is_synthetic, anon_1.properties_image_urls AS anon_1_properties_image_urls, anon_1.properties_listed_at AS anon_1_properties_listed_at, anon_1.properties_created_at AS anon_1_properties_created_at, anon_1.properties_updated_at AS anon_1_properties_updated_at, amenities_1.id AS amenities_1_id, amenities_1.name AS amenities_1_name, amenities_1.category AS amenities_1_category, amenities_1.icon AS amenities_1_icon 
FROM (SELECT properties.id AS properties_id, properties.title AS properties_title, properties.description AS properties_description, properties.slug AS properties_slug, properties.price AS properties_price, properties.price_per_sqft AS properties_price_per_sqft, properties.maintenance_charge AS properties_maintenance_charge, properties.property_type AS properties_property_type, properties.listing_type AS properties_listing_type, properties.bedrooms AS properties_bedrooms, properties.bathrooms AS properties_bathrooms, properties.balconies AS properties_balconies, properties.area_sqft AS properties_area_sqft, properties.carpet_area_sqft AS properties_carpet_area_sqft, properties.floor AS properties_floor, properties.total_floors AS properties_total_floors, properties.property_age AS properties_property_age, properties.facing AS properties_facing, properties.furnishing AS properties_furnishing, properties.parking AS properties_parking, properties.construction_status AS properties_construction_status, properties.address AS properties_address, properties.locality AS properties_locality, properties.city AS properties_city, properties.state AS properties_state, properties.pincode AS properties_pincode, properties.latitude AS properties_latitude, properties.longitude AS properties_longitude, properties.builder_name AS properties_builder_name, properties.project_name AS properties_project_name, properties.source AS properties_source, properties.source_url AS properties_source_url, properties.source_id AS properties_source_id, properties.verification_status AS properties_verification_status, properties.is_featured AS properties_is_featured, properties.is_active AS properties_is_active, properties.is_synthetic AS properties_is_synthetic, properties.image_urls AS properties_image_urls, properties.listed_at AS properties_listed_at, properties.created_at AS properties_created_at, properties.updated_at AS properties_updated_at 
FROM properties 
WHERE properties.is_active = 1 AND properties.is_featured = 1 ORDER BY properties.created_at DESC
 LIMIT ? OFFSET ?) AS anon_1 LEFT OUTER JOIN (property_amenities AS property_amenities_1 JOIN amenities AS amenities_1 ON amenities_1.id = property_amenities_1.amenity_id) ON anon_1.properties_id = property_amenities_1.property_id ORDER BY anon_1.properties_created_at DESC
2026-09-09 23:37:22,945 - sqlalchemy.engine.Engine - INFO - [cached since 718.8s ago] (6, 0)
2026-09-09 23:37:22,953 - sqlalchemy.engine.Engine - INFO - ROLLBACK
2026-09-09 23:38:14,940 - sqlalchemy.engine.Engine - INFO - BEGIN (implicit)
2026-09-09 23:38:14,942 - sqlalchemy.engine.Engine - INFO - SELECT anon_1.properties_id AS anon_1_properties_id, anon_1.properties_title AS anon_1_properties_title, anon_1.properties_description AS anon_1_properties_description, anon_1.properties_slug AS anon_1_properties_slug, anon_1.properties_price AS anon_1_properties_price, anon_1.properties_price_per_sqft AS anon_1_properties_price_per_sqft, anon_1.properties_maintenance_charge AS anon_1_properties_maintenance_charge, anon_1.properties_property_type AS anon_1_properties_property_type, anon_1.properties_listing_type AS anon_1_properties_listing_type, anon_1.properties_bedrooms AS anon_1_properties_bedrooms, anon_1.properties_bathrooms AS anon_1_properties_bathrooms, anon_1.properties_balconies AS anon_1_properties_balconies, anon_1.properties_area_sqft AS anon_1_properties_area_sqft, anon_1.properties_carpet_area_sqft AS anon_1_properties_carpet_area_sqft, anon_1.properties_floor AS anon_1_properties_floor, anon_1.properties_total_floors AS anon_1_properties_total_floors, anon_1.properties_property_age AS anon_1_properties_property_age, anon_1.properties_facing AS anon_1_properties_facing, anon_1.properties_furnishing AS anon_1_properties_furnishing, anon_1.properties_parking AS anon_1_properties_parking, anon_1.properties_construction_status AS anon_1_properties_construction_status, anon_1.properties_address AS anon_1_properties_address, anon_1.properties_locality AS anon_1_properties_locality, anon_1.properties_city AS anon_1_properties_city, anon_1.properties_state AS anon_1_properties_state, anon_1.properties_pincode AS anon_1_properties_pincode, anon_1.properties_latitude AS anon_1_properties_latitude, anon_1.properties_longitude AS anon_1_properties_longitude, anon_1.properties_builder_name AS anon_1_properties_builder_name, anon_1.properties_project_name AS anon_1_properties_project_name, anon_1.properties_source AS anon_1_properties_source, anon_1.properties_source_url AS anon_1_properties_source_url, anon_1.properties_source_id AS anon_1_properties_source_id, anon_1.properties_verification_status AS anon_1_properties_verification_status, anon_1.properties_is_featured AS anon_1_properties_is_featured, anon_1.properties_is_active AS anon_1_properties_is_active, anon_1.properties_is_synthetic AS anon_1_properties_is_synthetic, anon_1.properties_image_urls AS anon_1_properties_image_urls, anon_1.properties_listed_at AS anon_1_properties_listed_at, anon_1.properties_created_at AS anon_1_properties_created_at, anon_1.properties_updated_at AS anon_1_properties_updated_at, amenities_1.id AS amenities_1_id, amenities_1.name AS amenities_1_name, amenities_1.category AS amenities_1_category, amenities_1.icon AS amenities_1_icon 
FROM (SELECT properties.id AS properties_id, properties.title AS properties_title, properties.description AS properties_description, properties.slug AS properties_slug, properties.price AS properties_price, properties.price_per_sqft AS properties_price_per_sqft, properties.maintenance_charge AS properties_maintenance_charge, properties.property_type AS properties_property_type, properties.listing_type AS properties_listing_type, properties.bedrooms AS properties_bedrooms, properties.bathrooms AS properties_bathrooms, properties.balconies AS properties_balconies, properties.area_sqft AS properties_area_sqft, properties.carpet_area_sqft AS properties_carpet_area_sqft, properties.floor AS properties_floor, properties.total_floors AS properties_total_floors, properties.property_age AS properties_property_age, properties.facing AS properties_facing, properties.furnishing AS properties_furnishing, properties.parking AS properties_parking, properties.construction_status AS properties_construction_status, properties.address AS properties_address, properties.locality AS properties_locality, properties.city AS properties_city, properties.state AS properties_state, properties.pincode AS properties_pincode, properties.latitude AS properties_latitude, properties.longitude AS properties_longitude, properties.builder_name AS properties_builder_name, properties.project_name AS properties_project_name, properties.source AS properties_source, properties.source_url AS properties_source_url, properties.source_id AS properties_source_id, properties.verification_status AS properties_verification_status, properties.is_featured AS properties_is_featured, properties.is_active AS properties_is_active, properties.is_synthetic AS properties_is_synthetic, properties.image_urls AS properties_image_urls, properties.listed_at AS properties_listed_at, properties.created_at AS properties_created_at, properties.updated_at AS properties_updated_at 
FROM properties 
WHERE properties.is_active = 1 AND properties.is_featured = 1 ORDER BY properties.created_at DESC
 LIMIT ? OFFSET ?) AS anon_1 LEFT OUTER JOIN (property_amenities AS property_amenities_1 JOIN amenities AS amenities_1 ON amenities_1.id = property_amenities_1.amenity_id) ON anon_1.properties_id = property_amenities_1.property_id ORDER BY anon_1.properties_created_at DESC
2026-09-09 23:38:14,943 - sqlalchemy.engine.Engine - INFO - [cached since 770.8s ago] (6, 0)
2026-09-09 23:38:14,947 - sqlalchemy.engine.Engine - INFO - ROLLBACK
2026-09-09 23:38:14,952 - sqlalchemy.engine.Engine - INFO - BEGIN (implicit)
2026-09-09 23:38:14,952 - sqlalchemy.engine.Engine - INFO - SELECT anon_1.properties_id AS anon_1_properties_id, anon_1.properties_title AS anon_1_properties_title, anon_1.properties_description AS anon_1_properties_description, anon_1.properties_slug AS anon_1_properties_slug, anon_1.properties_price AS anon_1_properties_price, anon_1.properties_price_per_sqft AS anon_1_properties_price_per_sqft, anon_1.properties_maintenance_charge AS anon_1_properties_maintenance_charge, anon_1.properties_property_type AS anon_1_properties_property_type, anon_1.properties_listing_type AS anon_1_properties_listing_type, anon_1.properties_bedrooms AS anon_1_properties_bedrooms, anon_1.properties_bathrooms AS anon_1_properties_bathrooms, anon_1.properties_balconies AS anon_1_properties_balconies, anon_1.properties_area_sqft AS anon_1_properties_area_sqft, anon_1.properties_carpet_area_sqft AS anon_1_properties_carpet_area_sqft, anon_1.properties_floor AS anon_1_properties_floor, anon_1.properties_total_floors AS anon_1_properties_total_floors, anon_1.properties_property_age AS anon_1_properties_property_age, anon_1.properties_facing AS anon_1_properties_facing, anon_1.properties_furnishing AS anon_1_properties_furnishing, anon_1.properties_parking AS anon_1_properties_parking, anon_1.properties_construction_status AS anon_1_properties_construction_status, anon_1.properties_address AS anon_1_properties_address, anon_1.properties_locality AS anon_1_properties_locality, anon_1.properties_city AS anon_1_properties_city, anon_1.properties_state AS anon_1_properties_state, anon_1.properties_pincode AS anon_1_properties_pincode, anon_1.properties_latitude AS anon_1_properties_latitude, anon_1.properties_longitude AS anon_1_properties_longitude, anon_1.properties_builder_name AS anon_1_properties_builder_name, anon_1.properties_project_name AS anon_1_properties_project_name, anon_1.properties_source AS anon_1_properties_source, anon_1.properties_source_url AS anon_1_properties_source_url, anon_1.properties_source_id AS anon_1_properties_source_id, anon_1.properties_verification_status AS anon_1_properties_verification_status, anon_1.properties_is_featured AS anon_1_properties_is_featured, anon_1.properties_is_active AS anon_1_properties_is_active, anon_1.properties_is_synthetic AS anon_1_properties_is_synthetic, anon_1.properties_image_urls AS anon_1_properties_image_urls, anon_1.properties_listed_at AS anon_1_properties_listed_at, anon_1.properties_created_at AS anon_1_properties_created_at, anon_1.properties_updated_at AS anon_1_properties_updated_at, amenities_1.id AS amenities_1_id, amenities_1.name AS amenities_1_name, amenities_1.category AS amenities_1_category, amenities_1.icon AS amenities_1_icon 
FROM (SELECT properties.id AS properties_id, properties.title AS properties_title, properties.description AS properties_description, properties.slug AS properties_slug, properties.price AS properties_price, properties.price_per_sqft AS properties_price_per_sqft, properties.maintenance_charge AS properties_maintenance_charge, properties.property_type AS properties_property_type, properties.listing_type AS properties_listing_type, properties.bedrooms AS properties_bedrooms, properties.bathrooms AS properties_bathrooms, properties.balconies AS properties_balconies, properties.area_sqft AS properties_area_sqft, properties.carpet_area_sqft AS properties_carpet_area_sqft, properties.floor AS properties_floor, properties.total_floors AS properties_total_floors, properties.property_age AS properties_property_age, properties.facing AS properties_facing, properties.furnishing AS properties_furnishing, properties.parking AS properties_parking, properties.construction_status AS properties_construction_status, properties.address AS properties_address, properties.locality AS properties_locality, properties.city AS properties_city, properties.state AS properties_state, properties.pincode AS properties_pincode, properties.latitude AS properties_latitude, properties.longitude AS properties_longitude, properties.builder_name AS properties_builder_name, properties.project_name AS properties_project_name, properties.source AS properties_source, properties.source_url AS properties_source_url, properties.source_id AS properties_source_id, properties.verification_status AS properties_verification_status, properties.is_featured AS properties_is_featured, properties.is_active AS properties_is_active, properties.is_synthetic AS properties_is_synthetic, properties.image_urls AS properties_image_urls, properties.listed_at AS properties_listed_at, properties.created_at AS properties_created_at, properties.updated_at AS properties_updated_at 
FROM properties 
WHERE properties.is_active = 1 AND properties.is_featured = 1 ORDER BY properties.created_at DESC
 LIMIT ? OFFSET ?) AS anon_1 LEFT OUTER JOIN (property_amenities AS property_amenities_1 JOIN amenities AS amenities_1 ON amenities_1.id = property_amenities_1.amenity_id) ON anon_1.properties_id = property_amenities_1.property_id ORDER BY anon_1.properties_created_at DESC
2026-09-09 23:38:14,953 - sqlalchemy.engine.Engine - INFO - [cached since 770.8s ago] (6, 0)
2026-09-09 23:38:14,956 - sqlalchemy.engine.Engine - INFO - ROLLBACK
2026-09-09 23:38:39,251 - sqlalchemy.engine.Engine - INFO - BEGIN (implicit)
2026-09-09 23:38:39,252 - sqlalchemy.engine.Engine - INFO - SELECT users.id AS users_id, users.email AS users_email, users.full_name AS users_full_name, users.hashed_password AS users_hashed_password, users.phone AS users_phone, users.role AS users_role, users.is_active AS users_is_active, users.is_email_verified AS users_is_email_verified, users.preferred_cities AS users_preferred_cities, users.budget_min AS users_budget_min, users.budget_max AS users_budget_max, users.created_at AS users_created_at, users.updated_at AS users_updated_at 
FROM users 
WHERE users.email = ?
 LIMIT ? OFFSET ?
2026-09-09 23:38:39,253 - sqlalchemy.engine.Engine - INFO - [cached since 885.2s ago] ('admin@realestate-gpt.com', 1, 0)
2026-09-09 23:38:39,573 - sqlalchemy.engine.Engine - INFO - ROLLBACK
2026-09-09 23:38:46,621 - sqlalchemy.engine.Engine - INFO - BEGIN (implicit)
2026-09-09 23:38:46,623 - sqlalchemy.engine.Engine - INFO - SELECT users.id AS users_id, users.email AS users_email, users.full_name AS users_full_name, users.hashed_password AS users_hashed_password, users.phone AS users_phone, users.role AS users_role, users.is_active AS users_is_active, users.is_email_verified AS users_is_email_verified, users.preferred_cities AS users_preferred_cities, users.budget_min AS users_budget_min, users.budget_max AS users_budget_max, users.created_at AS users_created_at, users.updated_at AS users_updated_at 
FROM users 
WHERE users.id = ?
 LIMIT ? OFFSET ?
2026-09-09 23:38:46,625 - sqlalchemy.engine.Engine - INFO - [cached since 891.9s ago] (1, 1, 0)
2026-09-09 23:38:46,628 - sqlalchemy.engine.Engine - INFO - INSERT INTO conversations (user_id, title, property_id) VALUES (?, ?, ?) RETURNING id, created_at, updated_at
2026-09-09 23:38:46,629 - sqlalchemy.engine.Engine - INFO - [cached since 891.7s ago] (1, 'Find an investment property with good rental potential', None)
2026-09-09 23:38:46,631 - sqlalchemy.engine.Engine - INFO - COMMIT
2026-09-09 23:38:46,634 - sqlalchemy.engine.Engine - INFO - BEGIN (implicit)
2026-09-09 23:38:46,635 - sqlalchemy.engine.Engine - INFO - SELECT conversations.id, conversations.user_id, conversations.title, conversations.property_id, conversations.created_at, conversations.updated_at 
FROM conversations 
WHERE conversations.id = ?
2026-09-09 23:38:46,636 - sqlalchemy.engine.Engine - INFO - [cached since 891.7s ago] (4,)
2026-09-09 23:38:46,637 - sqlalchemy.engine.Engine - INFO - INSERT INTO messages (conversation_id, role, content, meta_json) VALUES (?, ?, ?, ?) RETURNING id, created_at
2026-09-09 23:38:46,639 - sqlalchemy.engine.Engine - INFO - [cached since 891.7s ago] (4, 'user', 'Find an investment property with good rental potential', 'null')
2026-09-09 23:38:46,641 - sqlalchemy.engine.Engine - INFO - COMMIT
2026-09-09 23:38:46,643 - sqlalchemy.engine.Engine - INFO - BEGIN (implicit)
2026-09-09 23:38:46,644 - sqlalchemy.engine.Engine - INFO - SELECT messages.id, messages.conversation_id, messages.role, messages.content, messages.meta_json, messages.created_at 
FROM messages 
WHERE messages.id = ?
2026-09-09 23:38:46,645 - sqlalchemy.engine.Engine - INFO - [cached since 891.7s ago] (7,)
2026-09-09 23:38:46,647 - sqlalchemy.engine.Engine - INFO - SELECT conversations.id AS conversations_id, conversations.user_id AS conversations_user_id, conversations.title AS conversations_title, conversations.property_id AS conversations_property_id, conversations.created_at AS conversations_created_at, conversations.updated_at AS conversations_updated_at 
FROM conversations 
WHERE conversations.id = ?
 LIMIT ? OFFSET ?
2026-09-09 23:38:46,647 - sqlalchemy.engine.Engine - INFO - [cached since 891.7s ago] (4, 1, 0)
2026-09-09 23:38:46,649 - sqlalchemy.engine.Engine - INFO - UPDATE conversations SET updated_at=CURRENT_TIMESTAMP WHERE conversations.id = ?
2026-09-09 23:38:46,649 - sqlalchemy.engine.Engine - INFO - [cached since 891.7s ago] (4,)
2026-09-09 23:38:46,650 - sqlalchemy.engine.Engine - INFO - COMMIT
2026-09-09 23:38:46,652 - sqlalchemy.engine.Engine - INFO - BEGIN (implicit)
2026-09-09 23:38:46,653 - sqlalchemy.engine.Engine - INFO - SELECT count(properties.id) AS count_1 
FROM properties 
WHERE properties.is_active = 1 AND properties.listing_type = ?
2026-09-09 23:38:46,654 - sqlalchemy.engine.Engine - INFO - [generated in 0.00053s] ('rent',)
2026-09-09 23:38:46,660 - sqlalchemy.engine.Engine - INFO - SELECT anon_1.properties_id AS anon_1_properties_id, anon_1.properties_title AS anon_1_properties_title, anon_1.properties_description AS anon_1_properties_description, anon_1.properties_slug AS anon_1_properties_slug, anon_1.properties_price AS anon_1_properties_price, anon_1.properties_price_per_sqft AS anon_1_properties_price_per_sqft, anon_1.properties_maintenance_charge AS anon_1_properties_maintenance_charge, anon_1.properties_property_type AS anon_1_properties_property_type, anon_1.properties_listing_type AS anon_1_properties_listing_type, anon_1.properties_bedrooms AS anon_1_properties_bedrooms, anon_1.properties_bathrooms AS anon_1_properties_bathrooms, anon_1.properties_balconies AS anon_1_properties_balconies, anon_1.properties_area_sqft AS anon_1_properties_area_sqft, anon_1.properties_carpet_area_sqft AS anon_1_properties_carpet_area_sqft, anon_1.properties_floor AS anon_1_properties_floor, anon_1.properties_total_floors AS anon_1_properties_total_floors, anon_1.properties_property_age AS anon_1_properties_property_age, anon_1.properties_facing AS anon_1_properties_facing, anon_1.properties_furnishing AS anon_1_properties_furnishing, anon_1.properties_parking AS anon_1_properties_parking, anon_1.properties_construction_status AS anon_1_properties_construction_status, anon_1.properties_address AS anon_1_properties_address, anon_1.properties_locality AS anon_1_properties_locality, anon_1.properties_city AS anon_1_properties_city, anon_1.properties_state AS anon_1_properties_state, anon_1.properties_pincode AS anon_1_properties_pincode, anon_1.properties_latitude AS anon_1_properties_latitude, anon_1.properties_longitude AS anon_1_properties_longitude, anon_1.properties_builder_name AS anon_1_properties_builder_name, anon_1.properties_project_name AS anon_1_properties_project_name, anon_1.properties_source AS anon_1_properties_source, anon_1.properties_source_url AS anon_1_properties_source_url, anon_1.properties_source_id AS anon_1_properties_source_id, anon_1.properties_verification_status AS anon_1_properties_verification_status, anon_1.properties_is_featured AS anon_1_properties_is_featured, anon_1.properties_is_active AS anon_1_properties_is_active, anon_1.properties_is_synthetic AS anon_1_properties_is_synthetic, anon_1.properties_image_urls AS anon_1_properties_image_urls, anon_1.properties_listed_at AS anon_1_properties_listed_at, anon_1.properties_created_at AS anon_1_properties_created_at, anon_1.properties_updated_at AS anon_1_properties_updated_at, amenities_1.id AS amenities_1_id, amenities_1.name AS amenities_1_name, amenities_1.category AS amenities_1_category, amenities_1.icon AS amenities_1_icon 
FROM (SELECT properties.id AS properties_id, properties.title AS properties_title, properties.description AS properties_description, properties.slug AS properties_slug, properties.price AS properties_price, properties.price_per_sqft AS properties_price_per_sqft, properties.maintenance_charge AS properties_maintenance_charge, properties.property_type AS properties_property_type, properties.listing_type AS properties_listing_type, properties.bedrooms AS properties_bedrooms, properties.bathrooms AS properties_bathrooms, properties.balconies AS properties_balconies, properties.area_sqft AS properties_area_sqft, properties.carpet_area_sqft AS properties_carpet_area_sqft, properties.floor AS properties_floor, properties.total_floors AS properties_total_floors, properties.property_age AS properties_property_age, properties.facing AS properties_facing, properties.furnishing AS properties_furnishing, properties.parking AS properties_parking, properties.construction_status AS properties_construction_status, properties.address AS properties_address, properties.locality AS properties_locality, properties.city AS properties_city, properties.state AS properties_state, properties.pincode AS properties_pincode, properties.latitude AS properties_latitude, properties.longitude AS properties_longitude, properties.builder_name AS properties_builder_name, properties.project_name AS properties_project_name, properties.source AS properties_source, properties.source_url AS properties_source_url, properties.source_id AS properties_source_id, properties.verification_status AS properties_verification_status, properties.is_featured AS properties_is_featured, properties.is_active AS properties_is_active, properties.is_synthetic AS properties_is_synthetic, properties.image_urls AS properties_image_urls, properties.listed_at AS properties_listed_at, properties.created_at AS properties_created_at, properties.updated_at AS properties_updated_at 
FROM properties 
WHERE properties.is_active = 1 AND properties.listing_type = ? ORDER BY properties.created_at DESC
 LIMIT ? OFFSET ?) AS anon_1 LEFT OUTER JOIN (property_amenities AS property_amenities_1 JOIN amenities AS amenities_1 ON amenities_1.id = property_amenities_1.amenity_id) ON anon_1.properties_id = property_amenities_1.property_id ORDER BY anon_1.properties_created_at DESC
2026-09-09 23:38:46,661 - sqlalchemy.engine.Engine - INFO - [generated in 0.00086s] ('rent', 30, 0)
2026-09-09 23:38:46,663 - sqlalchemy.engine.Engine - INFO - SELECT properties.id AS properties_id, properties.title AS properties_title, properties.description AS properties_description, properties.slug AS properties_slug, properties.price AS properties_price, properties.price_per_sqft AS properties_price_per_sqft, properties.maintenance_charge AS properties_maintenance_charge, properties.property_type AS properties_property_type, properties.listing_type AS properties_listing_type, properties.bedrooms AS properties_bedrooms, properties.bathrooms AS properties_bathrooms, properties.balconies AS properties_balconies, properties.area_sqft AS properties_area_sqft, properties.carpet_area_sqft AS properties_carpet_area_sqft, properties.floor AS properties_floor, properties.total_floors AS properties_total_floors, properties.property_age AS properties_property_age, properties.facing AS properties_facing, properties.furnishing AS properties_furnishing, properties.parking AS properties_parking, properties.construction_status AS properties_construction_status, properties.address AS properties_address, properties.locality AS properties_locality, properties.city AS properties_city, properties.state AS properties_state, properties.pincode AS properties_pincode, properties.latitude AS properties_latitude, properties.longitude AS properties_longitude, properties.builder_name AS properties_builder_name, properties.project_name AS properties_project_name, properties.source AS properties_source, properties.source_url AS properties_source_url, properties.source_id AS properties_source_id, properties.verification_status AS properties_verification_status, properties.is_featured AS properties_is_featured, properties.is_active AS properties_is_active, properties.is_synthetic AS properties_is_synthetic, properties.image_urls AS properties_image_urls, properties.listed_at AS properties_listed_at, properties.created_at AS properties_created_at, properties.updated_at AS properties_updated_at 
FROM properties 
WHERE properties.is_active = 1 AND properties.listing_type = ?
2026-09-09 23:38:46,664 - sqlalchemy.engine.Engine - INFO - [cached since 891.7s ago] ('rent',)
2026-09-09 23:38:46,665 - sqlalchemy.engine.Engine - INFO - SELECT conversations.id AS conversations_id, conversations.user_id AS conversations_user_id, conversations.title AS conversations_title, conversations.property_id AS conversations_property_id, conversations.created_at AS conversations_created_at, conversations.updated_at AS conversations_updated_at 
FROM conversations 
WHERE conversations.id = ?
2026-09-09 23:38:46,665 - sqlalchemy.engine.Engine - INFO - [cached since 891.7s ago] (4,)
2026-09-09 23:38:46,666 - sqlalchemy.engine.Engine - INFO - INSERT INTO messages (conversation_id, role, content, meta_json) VALUES (?, ?, ?, ?) RETURNING id, created_at
2026-09-09 23:38:46,666 - sqlalchemy.engine.Engine - INFO - [cached since 891.8s ago] (4, 'assistant', "I couldn't find an exact match. Try widening the budget or relaxing one requirement.", '{"route": "search", "result_ids": []}')
2026-09-09 23:38:46,667 - sqlalchemy.engine.Engine - INFO - COMMIT
2026-09-09 23:38:46,668 - sqlalchemy.engine.Engine - INFO - BEGIN (implicit)
2026-09-09 23:38:46,668 - sqlalchemy.engine.Engine - INFO - SELECT messages.id, messages.conversation_id, messages.role, messages.content, messages.meta_json, messages.created_at 
FROM messages 
WHERE messages.id = ?
2026-09-09 23:38:46,668 - sqlalchemy.engine.Engine - INFO - [cached since 891.8s ago] (8,)
2026-09-09 23:38:46,669 - sqlalchemy.engine.Engine - INFO - SELECT conversations.id AS conversations_id, conversations.user_id AS conversations_user_id, conversations.title AS conversations_title, conversations.property_id AS conversations_property_id, conversations.created_at AS conversations_created_at, conversations.updated_at AS conversations_updated_at 
FROM conversations 
WHERE conversations.id = ?
 LIMIT ? OFFSET ?
2026-09-09 23:38:46,669 - sqlalchemy.engine.Engine - INFO - [cached since 891.8s ago] (4, 1, 0)
2026-09-09 23:38:46,670 - sqlalchemy.engine.Engine - INFO - UPDATE conversations SET updated_at=CURRENT_TIMESTAMP WHERE conversations.id = ?
2026-09-09 23:38:46,671 - sqlalchemy.engine.Engine - INFO - [cached since 891.8s ago] (4,)
2026-09-09 23:38:46,671 - sqlalchemy.engine.Engine - INFO - COMMIT
2026-09-09 23:38:46,673 - sqlalchemy.engine.Engine - INFO - BEGIN (implicit)
2026-09-09 23:38:46,674 - sqlalchemy.engine.Engine - INFO - SELECT users.id AS users_id, users.email AS users_email, users.full_name AS users_full_name, users.hashed_password AS users_hashed_password, users.phone AS users_phone, users.role AS users_role, users.is_active AS users_is_active, users.is_email_verified AS users_is_email_verified, users.preferred_cities AS users_preferred_cities, users.budget_min AS users_budget_min, users.budget_max AS users_budget_max, users.created_at AS users_created_at, users.updated_at AS users_updated_at 
FROM users 
WHERE users.id = ?
2026-09-09 23:38:46,674 - sqlalchemy.engine.Engine - INFO - [cached since 891.7s ago] (1,)
2026-09-09 23:38:46,675 - sqlalchemy.engine.Engine - INFO - SELECT conversations.id AS conversations_id, conversations.user_id AS conversations_user_id, conversations.title AS conversations_title, conversations.property_id AS conversations_property_id, conversations.created_at AS conversations_created_at, conversations.updated_at AS conversations_updated_at 
FROM conversations 
WHERE conversations.id = ?
2026-09-09 23:38:46,676 - sqlalchemy.engine.Engine - INFO - [cached since 891.7s ago] (4,)
2026-09-09 23:38:46,676 - sqlalchemy.engine.Engine - INFO - INSERT INTO audit_logs (user_id, action, entity, entity_id, detail, ip_address) VALUES (?, ?, ?, ?, ?, ?) RETURNING id, created_at
2026-09-09 23:38:46,677 - sqlalchemy.engine.Engine - INFO - [cached since 891.7s ago] (1, 'ai.message', 'conversation', 4, '{"result_count": 0}', '127.0.0.1')
2026-09-09 23:38:46,677 - sqlalchemy.engine.Engine - INFO - COMMIT
2026-09-09 23:38:46,678 - sqlalchemy.engine.Engine - INFO - BEGIN (implicit)
2026-09-09 23:38:46,679 - sqlalchemy.engine.Engine - INFO - SELECT audit_logs.id, audit_logs.user_id, audit_logs.action, audit_logs.entity, audit_logs.entity_id, audit_logs.detail, audit_logs.ip_address, audit_logs.created_at 
FROM audit_logs 
WHERE audit_logs.id = ?
2026-09-09 23:38:46,679 - sqlalchemy.engine.Engine - INFO - [cached since 891.7s ago] (4,)
2026-09-09 23:38:46,680 - sqlalchemy.engine.Engine - INFO - SELECT conversations.id AS conversations_id, conversations.user_id AS conversations_user_id, conversations.title AS conversations_title, conversations.property_id AS conversations_property_id, conversations.created_at AS conversations_created_at, conversations.updated_at AS conversations_updated_at 
FROM conversations 
WHERE conversations.id = ?
2026-09-09 23:38:46,680 - sqlalchemy.engine.Engine - INFO - [cached since 891.7s ago] (4,)
2026-09-09 23:38:46,681 - sqlalchemy.engine.Engine - INFO - ROLLBACK
