2026-09-09 23:23:26,657 INFO sqlalchemy.engine.Engine BEGIN (implicit)
2026-09-09 23:23:26,658 INFO sqlalchemy.engine.Engine PRAGMA main.table_info("users")
2026-09-09 23:23:26,659 INFO sqlalchemy.engine.Engine [raw sql] ()
2026-09-09 23:23:26,660 INFO sqlalchemy.engine.Engine PRAGMA main.table_info("property_amenities")
2026-09-09 23:23:26,661 INFO sqlalchemy.engine.Engine [raw sql] ()
2026-09-09 23:23:26,662 INFO sqlalchemy.engine.Engine PRAGMA main.table_info("amenities")
2026-09-09 23:23:26,663 INFO sqlalchemy.engine.Engine [raw sql] ()
2026-09-09 23:23:26,664 INFO sqlalchemy.engine.Engine PRAGMA main.table_info("properties")
2026-09-09 23:23:26,665 INFO sqlalchemy.engine.Engine [raw sql] ()
2026-09-09 23:23:26,666 INFO sqlalchemy.engine.Engine PRAGMA main.table_info("saved_properties")
2026-09-09 23:23:26,666 INFO sqlalchemy.engine.Engine [raw sql] ()
2026-09-09 23:23:26,666 INFO sqlalchemy.engine.Engine PRAGMA main.table_info("saved_searches")
2026-09-09 23:23:26,667 INFO sqlalchemy.engine.Engine [raw sql] ()
2026-09-09 23:23:26,667 INFO sqlalchemy.engine.Engine PRAGMA main.table_info("comparisons")
2026-09-09 23:23:26,668 INFO sqlalchemy.engine.Engine [raw sql] ()
2026-09-09 23:23:26,668 INFO sqlalchemy.engine.Engine PRAGMA main.table_info("search_history")
2026-09-09 23:23:26,669 INFO sqlalchemy.engine.Engine [raw sql] ()
2026-09-09 23:23:26,669 INFO sqlalchemy.engine.Engine PRAGMA main.table_info("audit_logs")
2026-09-09 23:23:26,670 INFO sqlalchemy.engine.Engine [raw sql] ()
2026-09-09 23:23:26,671 INFO sqlalchemy.engine.Engine PRAGMA main.table_info("conversations")
2026-09-09 23:23:26,672 INFO sqlalchemy.engine.Engine [raw sql] ()
2026-09-09 23:23:26,674 INFO sqlalchemy.engine.Engine PRAGMA main.table_info("messages")
2026-09-09 23:23:26,676 INFO sqlalchemy.engine.Engine [raw sql] ()
2026-09-09 23:23:26,678 INFO sqlalchemy.engine.Engine PRAGMA main.table_info("recommendations")
2026-09-09 23:23:26,679 INFO sqlalchemy.engine.Engine [raw sql] ()
2026-09-09 23:23:26,681 INFO sqlalchemy.engine.Engine PRAGMA main.table_info("price_predictions")
2026-09-09 23:23:26,681 INFO sqlalchemy.engine.Engine [raw sql] ()
2026-09-09 23:23:26,682 INFO sqlalchemy.engine.Engine PRAGMA main.table_info("documents")
2026-09-09 23:23:26,683 INFO sqlalchemy.engine.Engine [raw sql] ()
2026-09-09 23:23:26,684 INFO sqlalchemy.engine.Engine PRAGMA main.table_info("document_chunks")
2026-09-09 23:23:26,685 INFO sqlalchemy.engine.Engine [raw sql] ()
2026-09-09 23:23:26,686 INFO sqlalchemy.engine.Engine PRAGMA main.table_info("notifications")
2026-09-09 23:23:26,688 INFO sqlalchemy.engine.Engine [raw sql] ()
2026-09-09 23:23:26,690 INFO sqlalchemy.engine.Engine PRAGMA main.table_info("property_verifications")
2026-09-09 23:23:26,692 INFO sqlalchemy.engine.Engine [raw sql] ()
2026-09-09 23:23:26,693 INFO sqlalchemy.engine.Engine PRAGMA main.table_info("nearby_places")
2026-09-09 23:23:26,694 INFO sqlalchemy.engine.Engine [raw sql] ()
2026-09-09 23:23:26,696 INFO sqlalchemy.engine.Engine COMMIT
INFO:     127.0.0.1:56660 - "GET /api/v1/health HTTP/1.1" 200 OK
2026-09-09 23:23:54,096 INFO sqlalchemy.engine.Engine BEGIN (implicit)
2026-09-09 23:23:54,101 INFO sqlalchemy.engine.Engine SELECT users.id AS users_id, users.email AS users_email, users.full_name AS users_full_name, users.hashed_password AS users_hashed_password, users.phone AS users_phone, users.role AS users_role, users.is_active AS users_is_active, users.is_email_verified AS users_is_email_verified, users.preferred_cities AS users_preferred_cities, users.budget_min AS users_budget_min, users.budget_max AS users_budget_max, users.created_at AS users_created_at, users.updated_at AS users_updated_at 
FROM users 
WHERE users.email = ?
 LIMIT ? OFFSET ?
2026-09-09 23:23:54,101 INFO sqlalchemy.engine.Engine [generated in 0.00060s] ('verification-edba60e2f149@example.test', 1, 0)
2026-09-09 23:23:54,396 INFO sqlalchemy.engine.Engine INSERT INTO users (email, full_name, hashed_password, phone, role, is_active, is_email_verified, preferred_cities, budget_min, budget_max) VALUES (?, ?, ?, ?, ?, ?, ?, ?, ?, ?) RETURNING id, created_at, updated_at
2026-09-09 23:23:54,397 INFO sqlalchemy.engine.Engine [generated in 0.00161s] ('verification-edba60e2f149@example.test', 'Verification User', '$2b$12$jon/jYPI4pQC4SGsvjukaukCkXbXk1aiOVjTrqNFPwedyHwuT.HEe', None, 'user', 1, 0, None, None, None)
2026-09-09 23:23:54,398 INFO sqlalchemy.engine.Engine COMMIT
2026-09-09 23:23:54,401 INFO sqlalchemy.engine.Engine BEGIN (implicit)
2026-09-09 23:23:54,402 INFO sqlalchemy.engine.Engine SELECT users.id, users.email, users.full_name, users.hashed_password, users.phone, users.role, users.is_active, users.is_email_verified, users.preferred_cities, users.budget_min, users.budget_max, users.created_at, users.updated_at 
FROM users 
WHERE users.id = ?
2026-09-09 23:23:54,403 INFO sqlalchemy.engine.Engine [generated in 0.00073s] (4,)
2026-09-09 23:23:54,409 INFO sqlalchemy.engine.Engine ROLLBACK
INFO:     127.0.0.1:54412 - "POST /api/v1/auth/register HTTP/1.1" 201 Created
2026-09-09 23:23:54,439 INFO sqlalchemy.engine.Engine BEGIN (implicit)
2026-09-09 23:23:54,440 INFO sqlalchemy.engine.Engine SELECT users.id AS users_id, users.email AS users_email, users.full_name AS users_full_name, users.hashed_password AS users_hashed_password, users.phone AS users_phone, users.role AS users_role, users.is_active AS users_is_active, users.is_email_verified AS users_is_email_verified, users.preferred_cities AS users_preferred_cities, users.budget_min AS users_budget_min, users.budget_max AS users_budget_max, users.created_at AS users_created_at, users.updated_at AS users_updated_at 
FROM users 
WHERE users.email = ?
 LIMIT ? OFFSET ?
2026-09-09 23:23:54,440 INFO sqlalchemy.engine.Engine [cached since 0.3395s ago] ('verification-edba60e2f149@example.test', 1, 0)
2026-09-09 23:23:54,734 INFO sqlalchemy.engine.Engine ROLLBACK
INFO:     127.0.0.1:54413 - "POST /api/v1/auth/login HTTP/1.1" 200 OK
2026-09-09 23:23:54,744 INFO sqlalchemy.engine.Engine BEGIN (implicit)
2026-09-09 23:23:54,746 INFO sqlalchemy.engine.Engine SELECT users.id AS users_id, users.email AS users_email, users.full_name AS users_full_name, users.hashed_password AS users_hashed_password, users.phone AS users_phone, users.role AS users_role, users.is_active AS users_is_active, users.is_email_verified AS users_is_email_verified, users.preferred_cities AS users_preferred_cities, users.budget_min AS users_budget_min, users.budget_max AS users_budget_max, users.created_at AS users_created_at, users.updated_at AS users_updated_at 
FROM users 
WHERE users.id = ?
 LIMIT ? OFFSET ?
2026-09-09 23:23:54,746 INFO sqlalchemy.engine.Engine [generated in 0.00047s] (4, 1, 0)
2026-09-09 23:23:54,749 INFO sqlalchemy.engine.Engine SELECT count(properties.id) AS count_1 
FROM properties 
WHERE properties.is_active = 1 AND lower(properties.city) LIKE lower(?) AND properties.bedrooms = ?
2026-09-09 23:23:54,750 INFO sqlalchemy.engine.Engine [generated in 0.00046s] ('%Hyderabad%', 2)
2026-09-09 23:23:54,760 INFO sqlalchemy.engine.Engine SELECT anon_1.properties_id AS anon_1_properties_id, anon_1.properties_title AS anon_1_properties_title, anon_1.properties_description AS anon_1_properties_description, anon_1.properties_slug AS anon_1_properties_slug, anon_1.properties_price AS anon_1_properties_price, anon_1.properties_price_per_sqft AS anon_1_properties_price_per_sqft, anon_1.properties_maintenance_charge AS anon_1_properties_maintenance_charge, anon_1.properties_property_type AS anon_1_properties_property_type, anon_1.properties_listing_type AS anon_1_properties_listing_type, anon_1.properties_bedrooms AS anon_1_properties_bedrooms, anon_1.properties_bathrooms AS anon_1_properties_bathrooms, anon_1.properties_balconies AS anon_1_properties_balconies, anon_1.properties_area_sqft AS anon_1_properties_area_sqft, anon_1.properties_carpet_area_sqft AS anon_1_properties_carpet_area_sqft, anon_1.properties_floor AS anon_1_properties_floor, anon_1.properties_total_floors AS anon_1_properties_total_floors, anon_1.properties_property_age AS anon_1_properties_property_age, anon_1.properties_facing AS anon_1_properties_facing, anon_1.properties_furnishing AS anon_1_properties_furnishing, anon_1.properties_parking AS anon_1_properties_parking, anon_1.properties_construction_status AS anon_1_properties_construction_status, anon_1.properties_address AS anon_1_properties_address, anon_1.properties_locality AS anon_1_properties_locality, anon_1.properties_city AS anon_1_properties_city, anon_1.properties_state AS anon_1_properties_state, anon_1.properties_pincode AS anon_1_properties_pincode, anon_1.properties_latitude AS anon_1_properties_latitude, anon_1.properties_longitude AS anon_1_properties_longitude, anon_1.properties_builder_name AS anon_1_properties_builder_name, anon_1.properties_project_name AS anon_1_properties_project_name, anon_1.properties_source AS anon_1_properties_source, anon_1.properties_source_url AS anon_1_properties_source_url, anon_1.properties_source_id AS anon_1_properties_source_id, anon_1.properties_verification_status AS anon_1_properties_verification_status, anon_1.properties_is_featured AS anon_1_properties_is_featured, anon_1.properties_is_active AS anon_1_properties_is_active, anon_1.properties_is_synthetic AS anon_1_properties_is_synthetic, anon_1.properties_image_urls AS anon_1_properties_image_urls, anon_1.properties_listed_at AS anon_1_properties_listed_at, anon_1.properties_created_at AS anon_1_properties_created_at, anon_1.properties_updated_at AS anon_1_properties_updated_at, amenities_1.id AS amenities_1_id, amenities_1.name AS amenities_1_name, amenities_1.category AS amenities_1_category, amenities_1.icon AS amenities_1_icon 
FROM (SELECT properties.id AS properties_id, properties.title AS properties_title, properties.description AS properties_description, properties.slug AS properties_slug, properties.price AS properties_price, properties.price_per_sqft AS properties_price_per_sqft, properties.maintenance_charge AS properties_maintenance_charge, properties.property_type AS properties_property_type, properties.listing_type AS properties_listing_type, properties.bedrooms AS properties_bedrooms, properties.bathrooms AS properties_bathrooms, properties.balconies AS properties_balconies, properties.area_sqft AS properties_area_sqft, properties.carpet_area_sqft AS properties_carpet_area_sqft, properties.floor AS properties_floor, properties.total_floors AS properties_total_floors, properties.property_age AS properties_property_age, properties.facing AS properties_facing, properties.furnishing AS properties_furnishing, properties.parking AS properties_parking, properties.construction_status AS properties_construction_status, properties.address AS properties_address, properties.locality AS properties_locality, properties.city AS properties_city, properties.state AS properties_state, properties.pincode AS properties_pincode, properties.latitude AS properties_latitude, properties.longitude AS properties_longitude, properties.builder_name AS properties_builder_name, properties.project_name AS properties_project_name, properties.source AS properties_source, properties.source_url AS properties_source_url, properties.source_id AS properties_source_id, properties.verification_status AS properties_verification_status, properties.is_featured AS properties_is_featured, properties.is_active AS properties_is_active, properties.is_synthetic AS properties_is_synthetic, properties.image_urls AS properties_image_urls, properties.listed_at AS properties_listed_at, properties.created_at AS properties_created_at, properties.updated_at AS properties_updated_at 
FROM properties 
WHERE properties.is_active = 1 AND lower(properties.city) LIKE lower(?) AND properties.bedrooms = ? ORDER BY properties.created_at DESC
 LIMIT ? OFFSET ?) AS anon_1 LEFT OUTER JOIN (property_amenities AS property_amenities_1 JOIN amenities AS amenities_1 ON amenities_1.id = property_amenities_1.amenity_id) ON anon_1.properties_id = property_amenities_1.property_id ORDER BY anon_1.properties_created_at DESC
2026-09-09 23:23:54,761 INFO sqlalchemy.engine.Engine [generated in 0.00100s] ('%Hyderabad%', 2, 4, 0)
2026-09-09 23:23:54,764 INFO sqlalchemy.engine.Engine SELECT saved_properties.property_id AS saved_properties_property_id 
FROM saved_properties 
WHERE saved_properties.user_id = ?
2026-09-09 23:23:54,765 INFO sqlalchemy.engine.Engine [generated in 0.00048s] (4,)
2026-09-09 23:23:54,766 INFO sqlalchemy.engine.Engine ROLLBACK
INFO:     127.0.0.1:54414 - "GET /api/v1/properties?city=Hyderabad&bedrooms=2&page_size=4 HTTP/1.1" 200 OK
2026-09-09 23:23:54,788 INFO sqlalchemy.engine.Engine BEGIN (implicit)
2026-09-09 23:23:54,789 INFO sqlalchemy.engine.Engine SELECT users.id AS users_id, users.email AS users_email, users.full_name AS users_full_name, users.hashed_password AS users_hashed_password, users.phone AS users_phone, users.role AS users_role, users.is_active AS users_is_active, users.is_email_verified AS users_is_email_verified, users.preferred_cities AS users_preferred_cities, users.budget_min AS users_budget_min, users.budget_max AS users_budget_max, users.created_at AS users_created_at, users.updated_at AS users_updated_at 
FROM users 
WHERE users.id = ?
 LIMIT ? OFFSET ?
2026-09-09 23:23:54,790 INFO sqlalchemy.engine.Engine [cached since 0.04417s ago] (4, 1, 0)
2026-09-09 23:23:54,797 INFO sqlalchemy.engine.Engine SELECT anon_1.properties_id AS anon_1_properties_id, anon_1.properties_title AS anon_1_properties_title, anon_1.properties_description AS anon_1_properties_description, anon_1.properties_slug AS anon_1_properties_slug, anon_1.properties_price AS anon_1_properties_price, anon_1.properties_price_per_sqft AS anon_1_properties_price_per_sqft, anon_1.properties_maintenance_charge AS anon_1_properties_maintenance_charge, anon_1.properties_property_type AS anon_1_properties_property_type, anon_1.properties_listing_type AS anon_1_properties_listing_type, anon_1.properties_bedrooms AS anon_1_properties_bedrooms, anon_1.properties_bathrooms AS anon_1_properties_bathrooms, anon_1.properties_balconies AS anon_1_properties_balconies, anon_1.properties_area_sqft AS anon_1_properties_area_sqft, anon_1.properties_carpet_area_sqft AS anon_1_properties_carpet_area_sqft, anon_1.properties_floor AS anon_1_properties_floor, anon_1.properties_total_floors AS anon_1_properties_total_floors, anon_1.properties_property_age AS anon_1_properties_property_age, anon_1.properties_facing AS anon_1_properties_facing, anon_1.properties_furnishing AS anon_1_properties_furnishing, anon_1.properties_parking AS anon_1_properties_parking, anon_1.properties_construction_status AS anon_1_properties_construction_status, anon_1.properties_address AS anon_1_properties_address, anon_1.properties_locality AS anon_1_properties_locality, anon_1.properties_city AS anon_1_properties_city, anon_1.properties_state AS anon_1_properties_state, anon_1.properties_pincode AS anon_1_properties_pincode, anon_1.properties_latitude AS anon_1_properties_latitude, anon_1.properties_longitude AS anon_1_properties_longitude, anon_1.properties_builder_name AS anon_1_properties_builder_name, anon_1.properties_project_name AS anon_1_properties_project_name, anon_1.properties_source AS anon_1_properties_source, anon_1.properties_source_url AS anon_1_properties_source_url, anon_1.properties_source_id AS anon_1_properties_source_id, anon_1.properties_verification_status AS anon_1_properties_verification_status, anon_1.properties_is_featured AS anon_1_properties_is_featured, anon_1.properties_is_active AS anon_1_properties_is_active, anon_1.properties_is_synthetic AS anon_1_properties_is_synthetic, anon_1.properties_image_urls AS anon_1_properties_image_urls, anon_1.properties_listed_at AS anon_1_properties_listed_at, anon_1.properties_created_at AS anon_1_properties_created_at, anon_1.properties_updated_at AS anon_1_properties_updated_at, amenities_1.id AS amenities_1_id, amenities_1.name AS amenities_1_name, amenities_1.category AS amenities_1_category, amenities_1.icon AS amenities_1_icon 
FROM (SELECT properties.id AS properties_id, properties.title AS properties_title, properties.description AS properties_description, properties.slug AS properties_slug, properties.price AS properties_price, properties.price_per_sqft AS properties_price_per_sqft, properties.maintenance_charge AS properties_maintenance_charge, properties.property_type AS properties_property_type, properties.listing_type AS properties_listing_type, properties.bedrooms AS properties_bedrooms, properties.bathrooms AS properties_bathrooms, properties.balconies AS properties_balconies, properties.area_sqft AS properties_area_sqft, properties.carpet_area_sqft AS properties_carpet_area_sqft, properties.floor AS properties_floor, properties.total_floors AS properties_total_floors, properties.property_age AS properties_property_age, properties.facing AS properties_facing, properties.furnishing AS properties_furnishing, properties.parking AS properties_parking, properties.construction_status AS properties_construction_status, properties.address AS properties_address, properties.locality AS properties_locality, properties.city AS properties_city, properties.state AS properties_state, properties.pincode AS properties_pincode, properties.latitude AS properties_latitude, properties.longitude AS properties_longitude, properties.builder_name AS properties_builder_name, properties.project_name AS properties_project_name, properties.source AS properties_source, properties.source_url AS properties_source_url, properties.source_id AS properties_source_id, properties.verification_status AS properties_verification_status, properties.is_featured AS properties_is_featured, properties.is_active AS properties_is_active, properties.is_synthetic AS properties_is_synthetic, properties.image_urls AS properties_image_urls, properties.listed_at AS properties_listed_at, properties.created_at AS properties_created_at, properties.updated_at AS properties_updated_at 
FROM properties 
WHERE properties.id = ? AND properties.is_active = 1
 LIMIT ? OFFSET ?) AS anon_1 LEFT OUTER JOIN (property_amenities AS property_amenities_1 JOIN amenities AS amenities_1 ON amenities_1.id = property_amenities_1.amenity_id) ON anon_1.properties_id = property_amenities_1.property_id
2026-09-09 23:23:54,798 INFO sqlalchemy.engine.Engine [generated in 0.00075s] (1, 1, 0)
2026-09-09 23:23:54,801 INFO sqlalchemy.engine.Engine SELECT saved_properties.id AS saved_properties_id, saved_properties.user_id AS saved_properties_user_id, saved_properties.property_id AS saved_properties_property_id, saved_properties.notes AS saved_properties_notes, saved_properties.created_at AS saved_properties_created_at 
FROM saved_properties 
WHERE saved_properties.user_id = ? AND saved_properties.property_id = ?
 LIMIT ? OFFSET ?
2026-09-09 23:23:54,802 INFO sqlalchemy.engine.Engine [generated in 0.00062s] (4, 1, 1, 0)
2026-09-09 23:23:54,804 INFO sqlalchemy.engine.Engine ROLLBACK
INFO:     127.0.0.1:54415 - "GET /api/v1/properties/1 HTTP/1.1" 200 OK
2026-09-09 23:23:54,810 INFO sqlalchemy.engine.Engine BEGIN (implicit)
2026-09-09 23:23:54,811 INFO sqlalchemy.engine.Engine SELECT users.id AS users_id, users.email AS users_email, users.full_name AS users_full_name, users.hashed_password AS users_hashed_password, users.phone AS users_phone, users.role AS users_role, users.is_active AS users_is_active, users.is_email_verified AS users_is_email_verified, users.preferred_cities AS users_preferred_cities, users.budget_min AS users_budget_min, users.budget_max AS users_budget_max, users.created_at AS users_created_at, users.updated_at AS users_updated_at 
FROM users 
WHERE users.id = ?
 LIMIT ? OFFSET ?
2026-09-09 23:23:54,811 INFO sqlalchemy.engine.Engine [cached since 0.06575s ago] (4, 1, 0)
2026-09-09 23:23:54,813 INFO sqlalchemy.engine.Engine SELECT anon_1.properties_id AS anon_1_properties_id, anon_1.properties_title AS anon_1_properties_title, anon_1.properties_description AS anon_1_properties_description, anon_1.properties_slug AS anon_1_properties_slug, anon_1.properties_price AS anon_1_properties_price, anon_1.properties_price_per_sqft AS anon_1_properties_price_per_sqft, anon_1.properties_maintenance_charge AS anon_1_properties_maintenance_charge, anon_1.properties_property_type AS anon_1_properties_property_type, anon_1.properties_listing_type AS anon_1_properties_listing_type, anon_1.properties_bedrooms AS anon_1_properties_bedrooms, anon_1.properties_bathrooms AS anon_1_properties_bathrooms, anon_1.properties_balconies AS anon_1_properties_balconies, anon_1.properties_area_sqft AS anon_1_properties_area_sqft, anon_1.properties_carpet_area_sqft AS anon_1_properties_carpet_area_sqft, anon_1.properties_floor AS anon_1_properties_floor, anon_1.properties_total_floors AS anon_1_properties_total_floors, anon_1.properties_property_age AS anon_1_properties_property_age, anon_1.properties_facing AS anon_1_properties_facing, anon_1.properties_furnishing AS anon_1_properties_furnishing, anon_1.properties_parking AS anon_1_properties_parking, anon_1.properties_construction_status AS anon_1_properties_construction_status, anon_1.properties_address AS anon_1_properties_address, anon_1.properties_locality AS anon_1_properties_locality, anon_1.properties_city AS anon_1_properties_city, anon_1.properties_state AS anon_1_properties_state, anon_1.properties_pincode AS anon_1_properties_pincode, anon_1.properties_latitude AS anon_1_properties_latitude, anon_1.properties_longitude AS anon_1_properties_longitude, anon_1.properties_builder_name AS anon_1_properties_builder_name, anon_1.properties_project_name AS anon_1_properties_project_name, anon_1.properties_source AS anon_1_properties_source, anon_1.properties_source_url AS anon_1_properties_source_url, anon_1.properties_source_id AS anon_1_properties_source_id, anon_1.properties_verification_status AS anon_1_properties_verification_status, anon_1.properties_is_featured AS anon_1_properties_is_featured, anon_1.properties_is_active AS anon_1_properties_is_active, anon_1.properties_is_synthetic AS anon_1_properties_is_synthetic, anon_1.properties_image_urls AS anon_1_properties_image_urls, anon_1.properties_listed_at AS anon_1_properties_listed_at, anon_1.properties_created_at AS anon_1_properties_created_at, anon_1.properties_updated_at AS anon_1_properties_updated_at, amenities_1.id AS amenities_1_id, amenities_1.name AS amenities_1_name, amenities_1.category AS amenities_1_category, amenities_1.icon AS amenities_1_icon 
FROM (SELECT properties.id AS properties_id, properties.title AS properties_title, properties.description AS properties_description, properties.slug AS properties_slug, properties.price AS properties_price, properties.price_per_sqft AS properties_price_per_sqft, properties.maintenance_charge AS properties_maintenance_charge, properties.property_type AS properties_property_type, properties.listing_type AS properties_listing_type, properties.bedrooms AS properties_bedrooms, properties.bathrooms AS properties_bathrooms, properties.balconies AS properties_balconies, properties.area_sqft AS properties_area_sqft, properties.carpet_area_sqft AS properties_carpet_area_sqft, properties.floor AS properties_floor, properties.total_floors AS properties_total_floors, properties.property_age AS properties_property_age, properties.facing AS properties_facing, properties.furnishing AS properties_furnishing, properties.parking AS properties_parking, properties.construction_status AS properties_construction_status, properties.address AS properties_address, properties.locality AS properties_locality, properties.city AS properties_city, properties.state AS properties_state, properties.pincode AS properties_pincode, properties.latitude AS properties_latitude, properties.longitude AS properties_longitude, properties.builder_name AS properties_builder_name, properties.project_name AS properties_project_name, properties.source AS properties_source, properties.source_url AS properties_source_url, properties.source_id AS properties_source_id, properties.verification_status AS properties_verification_status, properties.is_featured AS properties_is_featured, properties.is_active AS properties_is_active, properties.is_synthetic AS properties_is_synthetic, properties.image_urls AS properties_image_urls, properties.listed_at AS properties_listed_at, properties.created_at AS properties_created_at, properties.updated_at AS properties_updated_at 
FROM properties 
WHERE properties.id = ? AND properties.is_active = 1
 LIMIT ? OFFSET ?) AS anon_1 LEFT OUTER JOIN (property_amenities AS property_amenities_1 JOIN amenities AS amenities_1 ON amenities_1.id = property_amenities_1.amenity_id) ON anon_1.properties_id = property_amenities_1.property_id
2026-09-09 23:23:54,814 INFO sqlalchemy.engine.Engine [cached since 0.01622s ago] (1, 1, 0)
2026-09-09 23:23:54,815 INFO sqlalchemy.engine.Engine SELECT saved_properties.id AS saved_properties_id, saved_properties.user_id AS saved_properties_user_id, saved_properties.property_id AS saved_properties_property_id, saved_properties.notes AS saved_properties_notes, saved_properties.created_at AS saved_properties_created_at 
FROM saved_properties 
WHERE saved_properties.user_id = ? AND saved_properties.property_id = ?
 LIMIT ? OFFSET ?
2026-09-09 23:23:54,816 INFO sqlalchemy.engine.Engine [cached since 0.01455s ago] (4, 1, 1, 0)
2026-09-09 23:23:54,818 INFO sqlalchemy.engine.Engine INSERT INTO saved_properties (user_id, property_id, notes) VALUES (?, ?, ?) RETURNING id, created_at
2026-09-09 23:23:54,818 INFO sqlalchemy.engine.Engine [generated in 0.00042s] (4, 1, None)
2026-09-09 23:23:54,819 INFO sqlalchemy.engine.Engine COMMIT
2026-09-09 23:23:54,822 INFO sqlalchemy.engine.Engine BEGIN (implicit)
2026-09-09 23:23:54,823 INFO sqlalchemy.engine.Engine SELECT saved_properties.id, saved_properties.user_id, saved_properties.property_id, saved_properties.notes, saved_properties.created_at 
FROM saved_properties 
WHERE saved_properties.id = ?
2026-09-09 23:23:54,824 INFO sqlalchemy.engine.Engine [generated in 0.00051s] (4,)
2026-09-09 23:23:54,825 INFO sqlalchemy.engine.Engine ROLLBACK
INFO:     127.0.0.1:54416 - "POST /api/v1/saved/properties HTTP/1.1" 201 Created
2026-09-09 23:23:54,829 INFO sqlalchemy.engine.Engine BEGIN (implicit)
2026-09-09 23:23:54,830 INFO sqlalchemy.engine.Engine SELECT users.id AS users_id, users.email AS users_email, users.full_name AS users_full_name, users.hashed_password AS users_hashed_password, users.phone AS users_phone, users.role AS users_role, users.is_active AS users_is_active, users.is_email_verified AS users_is_email_verified, users.preferred_cities AS users_preferred_cities, users.budget_min AS users_budget_min, users.budget_max AS users_budget_max, users.created_at AS users_created_at, users.updated_at AS users_updated_at 
FROM users 
WHERE users.id = ?
 LIMIT ? OFFSET ?
2026-09-09 23:23:54,830 INFO sqlalchemy.engine.Engine [cached since 0.08457s ago] (4, 1, 0)
2026-09-09 23:23:54,835 INFO sqlalchemy.engine.Engine SELECT saved_properties.id AS saved_properties_id, saved_properties.user_id AS saved_properties_user_id, saved_properties.property_id AS saved_properties_property_id, saved_properties.notes AS saved_properties_notes, saved_properties.created_at AS saved_properties_created_at, amenities_1.id AS amenities_1_id, amenities_1.name AS amenities_1_name, amenities_1.category AS amenities_1_category, amenities_1.icon AS amenities_1_icon, properties_1.id AS properties_1_id, properties_1.title AS properties_1_title, properties_1.description AS properties_1_description, properties_1.slug AS properties_1_slug, properties_1.price AS properties_1_price, properties_1.price_per_sqft AS properties_1_price_per_sqft, properties_1.maintenance_charge AS properties_1_maintenance_charge, properties_1.property_type AS properties_1_property_type, properties_1.listing_type AS properties_1_listing_type, properties_1.bedrooms AS properties_1_bedrooms, properties_1.bathrooms AS properties_1_bathrooms, properties_1.balconies AS properties_1_balconies, properties_1.area_sqft AS properties_1_area_sqft, properties_1.carpet_area_sqft AS properties_1_carpet_area_sqft, properties_1.floor AS properties_1_floor, properties_1.total_floors AS properties_1_total_floors, properties_1.property_age AS properties_1_property_age, properties_1.facing AS properties_1_facing, properties_1.furnishing AS properties_1_furnishing, properties_1.parking AS properties_1_parking, properties_1.construction_status AS properties_1_construction_status, properties_1.address AS properties_1_address, properties_1.locality AS properties_1_locality, properties_1.city AS properties_1_city, properties_1.state AS properties_1_state, properties_1.pincode AS properties_1_pincode, properties_1.latitude AS properties_1_latitude, properties_1.longitude AS properties_1_longitude, properties_1.builder_name AS properties_1_builder_name, properties_1.project_name AS properties_1_project_name, properties_1.source AS properties_1_source, properties_1.source_url AS properties_1_source_url, properties_1.source_id AS properties_1_source_id, properties_1.verification_status AS properties_1_verification_status, properties_1.is_featured AS properties_1_is_featured, properties_1.is_active AS properties_1_is_active, properties_1.is_synthetic AS properties_1_is_synthetic, properties_1.image_urls AS properties_1_image_urls, properties_1.listed_at AS properties_1_listed_at, properties_1.created_at AS properties_1_created_at, properties_1.updated_at AS properties_1_updated_at 
FROM saved_properties LEFT OUTER JOIN properties AS properties_1 ON properties_1.id = saved_properties.property_id LEFT OUTER JOIN (property_amenities AS property_amenities_1 JOIN amenities AS amenities_1 ON amenities_1.id = property_amenities_1.amenity_id) ON properties_1.id = property_amenities_1.property_id 
WHERE saved_properties.user_id = ? ORDER BY saved_properties.created_at DESC
2026-09-09 23:23:54,835 INFO sqlalchemy.engine.Engine [generated in 0.00051s] (4,)
2026-09-09 23:23:54,839 INFO sqlalchemy.engine.Engine ROLLBACK
INFO:     127.0.0.1:54417 - "GET /api/v1/saved/properties HTTP/1.1" 200 OK
2026-09-09 23:23:54,846 INFO sqlalchemy.engine.Engine BEGIN (implicit)
2026-09-09 23:23:54,847 INFO sqlalchemy.engine.Engine SELECT users.id AS users_id, users.email AS users_email, users.full_name AS users_full_name, users.hashed_password AS users_hashed_password, users.phone AS users_phone, users.role AS users_role, users.is_active AS users_is_active, users.is_email_verified AS users_is_email_verified, users.preferred_cities AS users_preferred_cities, users.budget_min AS users_budget_min, users.budget_max AS users_budget_max, users.created_at AS users_created_at, users.updated_at AS users_updated_at 
FROM users 
WHERE users.id = ?
 LIMIT ? OFFSET ?
2026-09-09 23:23:54,847 INFO sqlalchemy.engine.Engine [cached since 0.1018s ago] (4, 1, 0)
2026-09-09 23:23:54,851 INFO sqlalchemy.engine.Engine SELECT properties.id AS properties_id, properties.title AS properties_title, properties.description AS properties_description, properties.slug AS properties_slug, properties.price AS properties_price, properties.price_per_sqft AS properties_price_per_sqft, properties.maintenance_charge AS properties_maintenance_charge, properties.property_type AS properties_property_type, properties.listing_type AS properties_listing_type, properties.bedrooms AS properties_bedrooms, properties.bathrooms AS properties_bathrooms, properties.balconies AS properties_balconies, properties.area_sqft AS properties_area_sqft, properties.carpet_area_sqft AS properties_carpet_area_sqft, properties.floor AS properties_floor, properties.total_floors AS properties_total_floors, properties.property_age AS properties_property_age, properties.facing AS properties_facing, properties.furnishing AS properties_furnishing, properties.parking AS properties_parking, properties.construction_status AS properties_construction_status, properties.address AS properties_address, properties.locality AS properties_locality, properties.city AS properties_city, properties.state AS properties_state, properties.pincode AS properties_pincode, properties.latitude AS properties_latitude, properties.longitude AS properties_longitude, properties.builder_name AS properties_builder_name, properties.project_name AS properties_project_name, properties.source AS properties_source, properties.source_url AS properties_source_url, properties.source_id AS properties_source_id, properties.verification_status AS properties_verification_status, properties.is_featured AS properties_is_featured, properties.is_active AS properties_is_active, properties.is_synthetic AS properties_is_synthetic, properties.image_urls AS properties_image_urls, properties.listed_at AS properties_listed_at, properties.created_at AS properties_created_at, properties.updated_at AS properties_updated_at, amenities_1.id AS amenities_1_id, amenities_1.name AS amenities_1_name, amenities_1.category AS amenities_1_category, amenities_1.icon AS amenities_1_icon 
FROM properties LEFT OUTER JOIN (property_amenities AS property_amenities_1 JOIN amenities AS amenities_1 ON amenities_1.id = property_amenities_1.amenity_id) ON properties.id = property_amenities_1.property_id 
WHERE properties.id IN (?, ?) AND properties.is_active = 1
2026-09-09 23:23:54,852 INFO sqlalchemy.engine.Engine [generated in 0.00060s] (1, 4)
2026-09-09 23:23:54,856 INFO sqlalchemy.engine.Engine INSERT INTO comparisons (user_id, name, property_ids) VALUES (?, ?, ?) RETURNING id, created_at
2026-09-09 23:23:54,857 INFO sqlalchemy.engine.Engine [generated in 0.00062s] (4, 'Verification comparison', '1,4')
2026-09-09 23:23:54,858 INFO sqlalchemy.engine.Engine COMMIT
2026-09-09 23:23:54,859 INFO sqlalchemy.engine.Engine BEGIN (implicit)
2026-09-09 23:23:54,860 INFO sqlalchemy.engine.Engine SELECT comparisons.id, comparisons.user_id, comparisons.name, comparisons.property_ids, comparisons.created_at 
FROM comparisons 
WHERE comparisons.id = ?
2026-09-09 23:23:54,860 INFO sqlalchemy.engine.Engine [generated in 0.00041s] (2,)
2026-09-09 23:23:54,863 INFO sqlalchemy.engine.Engine SELECT properties.id AS properties_id, properties.title AS properties_title, properties.description AS properties_description, properties.slug AS properties_slug, properties.price AS properties_price, properties.price_per_sqft AS properties_price_per_sqft, properties.maintenance_charge AS properties_maintenance_charge, properties.property_type AS properties_property_type, properties.listing_type AS properties_listing_type, properties.bedrooms AS properties_bedrooms, properties.bathrooms AS properties_bathrooms, properties.balconies AS properties_balconies, properties.area_sqft AS properties_area_sqft, properties.carpet_area_sqft AS properties_carpet_area_sqft, properties.floor AS properties_floor, properties.total_floors AS properties_total_floors, properties.property_age AS properties_property_age, properties.facing AS properties_facing, properties.furnishing AS properties_furnishing, properties.parking AS properties_parking, properties.construction_status AS properties_construction_status, properties.address AS properties_address, properties.locality AS properties_locality, properties.city AS properties_city, properties.state AS properties_state, properties.pincode AS properties_pincode, properties.latitude AS properties_latitude, properties.longitude AS properties_longitude, properties.builder_name AS properties_builder_name, properties.project_name AS properties_project_name, properties.source AS properties_source, properties.source_url AS properties_source_url, properties.source_id AS properties_source_id, properties.verification_status AS properties_verification_status, properties.is_featured AS properties_is_featured, properties.is_active AS properties_is_active, properties.is_synthetic AS properties_is_synthetic, properties.image_urls AS properties_image_urls, properties.listed_at AS properties_listed_at, properties.created_at AS properties_created_at, properties.updated_at AS properties_updated_at, amenities_1.id AS amenities_1_id, amenities_1.name AS amenities_1_name, amenities_1.category AS amenities_1_category, amenities_1.icon AS amenities_1_icon 
FROM properties LEFT OUTER JOIN (property_amenities AS property_amenities_1 JOIN amenities AS amenities_1 ON amenities_1.id = property_amenities_1.amenity_id) ON properties.id = property_amenities_1.property_id 
WHERE properties.id = ?
2026-09-09 23:23:54,863 INFO sqlalchemy.engine.Engine [generated in 0.00047s] (1,)
2026-09-09 23:23:54,865 INFO sqlalchemy.engine.Engine SELECT properties.id AS properties_id, properties.title AS properties_title, properties.description AS properties_description, properties.slug AS properties_slug, properties.price AS properties_price, properties.price_per_sqft AS properties_price_per_sqft, properties.maintenance_charge AS properties_maintenance_charge, properties.property_type AS properties_property_type, properties.listing_type AS properties_listing_type, properties.bedrooms AS properties_bedrooms, properties.bathrooms AS properties_bathrooms, properties.balconies AS properties_balconies, properties.area_sqft AS properties_area_sqft, properties.carpet_area_sqft AS properties_carpet_area_sqft, properties.floor AS properties_floor, properties.total_floors AS properties_total_floors, properties.property_age AS properties_property_age, properties.facing AS properties_facing, properties.furnishing AS properties_furnishing, properties.parking AS properties_parking, properties.construction_status AS properties_construction_status, properties.address AS properties_address, properties.locality AS properties_locality, properties.city AS properties_city, properties.state AS properties_state, properties.pincode AS properties_pincode, properties.latitude AS properties_latitude, properties.longitude AS properties_longitude, properties.builder_name AS properties_builder_name, properties.project_name AS properties_project_name, properties.source AS properties_source, properties.source_url AS properties_source_url, properties.source_id AS properties_source_id, properties.verification_status AS properties_verification_status, properties.is_featured AS properties_is_featured, properties.is_active AS properties_is_active, properties.is_synthetic AS properties_is_synthetic, properties.image_urls AS properties_image_urls, properties.listed_at AS properties_listed_at, properties.created_at AS properties_created_at, properties.updated_at AS properties_updated_at, amenities_1.id AS amenities_1_id, amenities_1.name AS amenities_1_name, amenities_1.category AS amenities_1_category, amenities_1.icon AS amenities_1_icon 
FROM properties LEFT OUTER JOIN (property_amenities AS property_amenities_1 JOIN amenities AS amenities_1 ON amenities_1.id = property_amenities_1.amenity_id) ON properties.id = property_amenities_1.property_id 
WHERE properties.id = ?
2026-09-09 23:23:54,865 INFO sqlalchemy.engine.Engine [cached since 0.002373s ago] (4,)
2026-09-09 23:23:54,866 INFO sqlalchemy.engine.Engine ROLLBACK
INFO:     127.0.0.1:54418 - "POST /api/v1/saved/comparisons HTTP/1.1" 201 Created
2026-09-09 23:23:54,874 INFO sqlalchemy.engine.Engine BEGIN (implicit)
2026-09-09 23:23:54,874 INFO sqlalchemy.engine.Engine SELECT users.id AS users_id, users.email AS users_email, users.full_name AS users_full_name, users.hashed_password AS users_hashed_password, users.phone AS users_phone, users.role AS users_role, users.is_active AS users_is_active, users.is_email_verified AS users_is_email_verified, users.preferred_cities AS users_preferred_cities, users.budget_min AS users_budget_min, users.budget_max AS users_budget_max, users.created_at AS users_created_at, users.updated_at AS users_updated_at 
FROM users 
WHERE users.id = ?
 LIMIT ? OFFSET ?
2026-09-09 23:23:54,875 INFO sqlalchemy.engine.Engine [cached since 0.1292s ago] (4, 1, 0)
2026-09-09 23:23:54,876 INFO sqlalchemy.engine.Engine SELECT comparisons.id AS comparisons_id, comparisons.user_id AS comparisons_user_id, comparisons.name AS comparisons_name, comparisons.property_ids AS comparisons_property_ids, comparisons.created_at AS comparisons_created_at 
FROM comparisons 
WHERE comparisons.id = ? AND comparisons.user_id = ?
 LIMIT ? OFFSET ?
2026-09-09 23:23:54,877 INFO sqlalchemy.engine.Engine [generated in 0.00045s] (2, 4, 1, 0)
2026-09-09 23:23:54,878 INFO sqlalchemy.engine.Engine SELECT properties.id AS properties_id, properties.title AS properties_title, properties.description AS properties_description, properties.slug AS properties_slug, properties.price AS properties_price, properties.price_per_sqft AS properties_price_per_sqft, properties.maintenance_charge AS properties_maintenance_charge, properties.property_type AS properties_property_type, properties.listing_type AS properties_listing_type, properties.bedrooms AS properties_bedrooms, properties.bathrooms AS properties_bathrooms, properties.balconies AS properties_balconies, properties.area_sqft AS properties_area_sqft, properties.carpet_area_sqft AS properties_carpet_area_sqft, properties.floor AS properties_floor, properties.total_floors AS properties_total_floors, properties.property_age AS properties_property_age, properties.facing AS properties_facing, properties.furnishing AS properties_furnishing, properties.parking AS properties_parking, properties.construction_status AS properties_construction_status, properties.address AS properties_address, properties.locality AS properties_locality, properties.city AS properties_city, properties.state AS properties_state, properties.pincode AS properties_pincode, properties.latitude AS properties_latitude, properties.longitude AS properties_longitude, properties.builder_name AS properties_builder_name, properties.project_name AS properties_project_name, properties.source AS properties_source, properties.source_url AS properties_source_url, properties.source_id AS properties_source_id, properties.verification_status AS properties_verification_status, properties.is_featured AS properties_is_featured, properties.is_active AS properties_is_active, properties.is_synthetic AS properties_is_synthetic, properties.image_urls AS properties_image_urls, properties.listed_at AS properties_listed_at, properties.created_at AS properties_created_at, properties.updated_at AS properties_updated_at, amenities_1.id AS amenities_1_id, amenities_1.name AS amenities_1_name, amenities_1.category AS amenities_1_category, amenities_1.icon AS amenities_1_icon 
FROM properties LEFT OUTER JOIN (property_amenities AS property_amenities_1 JOIN amenities AS amenities_1 ON amenities_1.id = property_amenities_1.amenity_id) ON properties.id = property_amenities_1.property_id 
WHERE properties.id IN (?, ?) AND properties.is_active = 1
2026-09-09 23:23:54,878 INFO sqlalchemy.engine.Engine [cached since 0.02681s ago] (1, 4)
2026-09-09 23:23:54,880 INFO sqlalchemy.engine.Engine ROLLBACK
INFO:     127.0.0.1:54419 - "GET /api/v1/saved/comparisons/2 HTTP/1.1" 200 OK
2026-09-09 23:23:54,885 INFO sqlalchemy.engine.Engine BEGIN (implicit)
2026-09-09 23:23:54,886 INFO sqlalchemy.engine.Engine SELECT users.id AS users_id, users.email AS users_email, users.full_name AS users_full_name, users.hashed_password AS users_hashed_password, users.phone AS users_phone, users.role AS users_role, users.is_active AS users_is_active, users.is_email_verified AS users_is_email_verified, users.preferred_cities AS users_preferred_cities, users.budget_min AS users_budget_min, users.budget_max AS users_budget_max, users.created_at AS users_created_at, users.updated_at AS users_updated_at 
FROM users 
WHERE users.id = ?
 LIMIT ? OFFSET ?
2026-09-09 23:23:54,886 INFO sqlalchemy.engine.Engine [cached since 0.1408s ago] (4, 1, 0)
2026-09-09 23:23:54,891 INFO sqlalchemy.engine.Engine INSERT INTO conversations (user_id, title, property_id) VALUES (?, ?, ?) RETURNING id, created_at, updated_at
2026-09-09 23:23:54,891 INFO sqlalchemy.engine.Engine [generated in 0.00062s] (4, 'Find a 2BHK apartment in Hyderabad under 70 lakh within 2 km of metro', None)
2026-09-09 23:23:54,892 INFO sqlalchemy.engine.Engine COMMIT
2026-09-09 23:23:54,893 INFO sqlalchemy.engine.Engine BEGIN (implicit)
2026-09-09 23:23:54,894 INFO sqlalchemy.engine.Engine SELECT conversations.id, conversations.user_id, conversations.title, conversations.property_id, conversations.created_at, conversations.updated_at 
FROM conversations 
WHERE conversations.id = ?
2026-09-09 23:23:54,895 INFO sqlalchemy.engine.Engine [generated in 0.00042s] (3,)
2026-09-09 23:23:54,896 INFO sqlalchemy.engine.Engine INSERT INTO messages (conversation_id, role, content, meta_json) VALUES (?, ?, ?, ?) RETURNING id, created_at
2026-09-09 23:23:54,896 INFO sqlalchemy.engine.Engine [generated in 0.00043s] (3, 'user', 'Find a 2BHK apartment in Hyderabad under 70 lakh within 2 km of metro', 'null')
2026-09-09 23:23:54,897 INFO sqlalchemy.engine.Engine COMMIT
2026-09-09 23:23:54,898 INFO sqlalchemy.engine.Engine BEGIN (implicit)
2026-09-09 23:23:54,899 INFO sqlalchemy.engine.Engine SELECT messages.id, messages.conversation_id, messages.role, messages.content, messages.meta_json, messages.created_at 
FROM messages 
WHERE messages.id = ?
2026-09-09 23:23:54,899 INFO sqlalchemy.engine.Engine [generated in 0.00038s] (5,)
2026-09-09 23:23:54,900 INFO sqlalchemy.engine.Engine SELECT conversations.id AS conversations_id, conversations.user_id AS conversations_user_id, conversations.title AS conversations_title, conversations.property_id AS conversations_property_id, conversations.created_at AS conversations_created_at, conversations.updated_at AS conversations_updated_at 
FROM conversations 
WHERE conversations.id = ?
 LIMIT ? OFFSET ?
2026-09-09 23:23:54,901 INFO sqlalchemy.engine.Engine [generated in 0.00040s] (3, 1, 0)
2026-09-09 23:23:54,903 INFO sqlalchemy.engine.Engine UPDATE conversations SET updated_at=CURRENT_TIMESTAMP WHERE conversations.id = ?
2026-09-09 23:23:54,904 INFO sqlalchemy.engine.Engine [generated in 0.00142s] (3,)
2026-09-09 23:23:54,905 INFO sqlalchemy.engine.Engine COMMIT
2026-09-09 23:23:54,909 INFO sqlalchemy.engine.Engine BEGIN (implicit)
2026-09-09 23:23:54,910 INFO sqlalchemy.engine.Engine SELECT count(properties.id) AS count_1 
FROM properties 
WHERE properties.is_active = 1 AND lower(properties.city) LIKE lower(?) AND properties.property_type = ? AND properties.listing_type = ? AND properties.price <= ? AND properties.bedrooms = ?
2026-09-09 23:23:54,911 INFO sqlalchemy.engine.Engine [generated in 0.00052s] ('%Hyderabad%', 'apartment', 'sale', 7000000.0, 2)
2026-09-09 23:23:54,915 INFO sqlalchemy.engine.Engine SELECT anon_1.properties_id AS anon_1_properties_id, anon_1.properties_title AS anon_1_properties_title, anon_1.properties_description AS anon_1_properties_description, anon_1.properties_slug AS anon_1_properties_slug, anon_1.properties_price AS anon_1_properties_price, anon_1.properties_price_per_sqft AS anon_1_properties_price_per_sqft, anon_1.properties_maintenance_charge AS anon_1_properties_maintenance_charge, anon_1.properties_property_type AS anon_1_properties_property_type, anon_1.properties_listing_type AS anon_1_properties_listing_type, anon_1.properties_bedrooms AS anon_1_properties_bedrooms, anon_1.properties_bathrooms AS anon_1_properties_bathrooms, anon_1.properties_balconies AS anon_1_properties_balconies, anon_1.properties_area_sqft AS anon_1_properties_area_sqft, anon_1.properties_carpet_area_sqft AS anon_1_properties_carpet_area_sqft, anon_1.properties_floor AS anon_1_properties_floor, anon_1.properties_total_floors AS anon_1_properties_total_floors, anon_1.properties_property_age AS anon_1_properties_property_age, anon_1.properties_facing AS anon_1_properties_facing, anon_1.properties_furnishing AS anon_1_properties_furnishing, anon_1.properties_parking AS anon_1_properties_parking, anon_1.properties_construction_status AS anon_1_properties_construction_status, anon_1.properties_address AS anon_1_properties_address, anon_1.properties_locality AS anon_1_properties_locality, anon_1.properties_city AS anon_1_properties_city, anon_1.properties_state AS anon_1_properties_state, anon_1.properties_pincode AS anon_1_properties_pincode, anon_1.properties_latitude AS anon_1_properties_latitude, anon_1.properties_longitude AS anon_1_properties_longitude, anon_1.properties_builder_name AS anon_1_properties_builder_name, anon_1.properties_project_name AS anon_1_properties_project_name, anon_1.properties_source AS anon_1_properties_source, anon_1.properties_source_url AS anon_1_properties_source_url, anon_1.properties_source_id AS anon_1_properties_source_id, anon_1.properties_verification_status AS anon_1_properties_verification_status, anon_1.properties_is_featured AS anon_1_properties_is_featured, anon_1.properties_is_active AS anon_1_properties_is_active, anon_1.properties_is_synthetic AS anon_1_properties_is_synthetic, anon_1.properties_image_urls AS anon_1_properties_image_urls, anon_1.properties_listed_at AS anon_1_properties_listed_at, anon_1.properties_created_at AS anon_1_properties_created_at, anon_1.properties_updated_at AS anon_1_properties_updated_at, amenities_1.id AS amenities_1_id, amenities_1.name AS amenities_1_name, amenities_1.category AS amenities_1_category, amenities_1.icon AS amenities_1_icon 
FROM (SELECT properties.id AS properties_id, properties.title AS properties_title, properties.description AS properties_description, properties.slug AS properties_slug, properties.price AS properties_price, properties.price_per_sqft AS properties_price_per_sqft, properties.maintenance_charge AS properties_maintenance_charge, properties.property_type AS properties_property_type, properties.listing_type AS properties_listing_type, properties.bedrooms AS properties_bedrooms, properties.bathrooms AS properties_bathrooms, properties.balconies AS properties_balconies, properties.area_sqft AS properties_area_sqft, properties.carpet_area_sqft AS properties_carpet_area_sqft, properties.floor AS properties_floor, properties.total_floors AS properties_total_floors, properties.property_age AS properties_property_age, properties.facing AS properties_facing, properties.furnishing AS properties_furnishing, properties.parking AS properties_parking, properties.construction_status AS properties_construction_status, properties.address AS properties_address, properties.locality AS properties_locality, properties.city AS properties_city, properties.state AS properties_state, properties.pincode AS properties_pincode, properties.latitude AS properties_latitude, properties.longitude AS properties_longitude, properties.builder_name AS properties_builder_name, properties.project_name AS properties_project_name, properties.source AS properties_source, properties.source_url AS properties_source_url, properties.source_id AS properties_source_id, properties.verification_status AS properties_verification_status, properties.is_featured AS properties_is_featured, properties.is_active AS properties_is_active, properties.is_synthetic AS properties_is_synthetic, properties.image_urls AS properties_image_urls, properties.listed_at AS properties_listed_at, properties.created_at AS properties_created_at, properties.updated_at AS properties_updated_at 
FROM properties 
WHERE properties.is_active = 1 AND lower(properties.city) LIKE lower(?) AND properties.property_type = ? AND properties.listing_type = ? AND properties.price <= ? AND properties.bedrooms = ? ORDER BY properties.created_at DESC
 LIMIT ? OFFSET ?) AS anon_1 LEFT OUTER JOIN (property_amenities AS property_amenities_1 JOIN amenities AS amenities_1 ON amenities_1.id = property_amenities_1.amenity_id) ON anon_1.properties_id = property_amenities_1.property_id ORDER BY anon_1.properties_created_at DESC
2026-09-09 23:23:54,916 INFO sqlalchemy.engine.Engine [generated in 0.00062s] ('%Hyderabad%', 'apartment', 'sale', 7000000.0, 2, 30, 0)
2026-09-09 23:23:54,920 INFO sqlalchemy.engine.Engine SELECT properties.id AS properties_id, properties.title AS properties_title, properties.description AS properties_description, properties.slug AS properties_slug, properties.price AS properties_price, properties.price_per_sqft AS properties_price_per_sqft, properties.maintenance_charge AS properties_maintenance_charge, properties.property_type AS properties_property_type, properties.listing_type AS properties_listing_type, properties.bedrooms AS properties_bedrooms, properties.bathrooms AS properties_bathrooms, properties.balconies AS properties_balconies, properties.area_sqft AS properties_area_sqft, properties.carpet_area_sqft AS properties_carpet_area_sqft, properties.floor AS properties_floor, properties.total_floors AS properties_total_floors, properties.property_age AS properties_property_age, properties.facing AS properties_facing, properties.furnishing AS properties_furnishing, properties.parking AS properties_parking, properties.construction_status AS properties_construction_status, properties.address AS properties_address, properties.locality AS properties_locality, properties.city AS properties_city, properties.state AS properties_state, properties.pincode AS properties_pincode, properties.latitude AS properties_latitude, properties.longitude AS properties_longitude, properties.builder_name AS properties_builder_name, properties.project_name AS properties_project_name, properties.source AS properties_source, properties.source_url AS properties_source_url, properties.source_id AS properties_source_id, properties.verification_status AS properties_verification_status, properties.is_featured AS properties_is_featured, properties.is_active AS properties_is_active, properties.is_synthetic AS properties_is_synthetic, properties.image_urls AS properties_image_urls, properties.listed_at AS properties_listed_at, properties.created_at AS properties_created_at, properties.updated_at AS properties_updated_at 
FROM properties 
WHERE properties.is_active = 1 AND properties.listing_type = ?
2026-09-09 23:23:54,921 INFO sqlalchemy.engine.Engine [generated in 0.00121s] ('sale',)
2026-09-09 23:23:54,931 INFO sqlalchemy.engine.Engine SELECT amenities.id AS amenities_id, amenities.name AS amenities_name, amenities.category AS amenities_category, amenities.icon AS amenities_icon 
FROM amenities, property_amenities 
WHERE ? = property_amenities.property_id AND amenities.id = property_amenities.amenity_id
2026-09-09 23:23:54,932 INFO sqlalchemy.engine.Engine [generated in 0.00046s] (19,)
2026-09-09 23:23:54,933 INFO sqlalchemy.engine.Engine SELECT amenities.id AS amenities_id, amenities.name AS amenities_name, amenities.category AS amenities_category, amenities.icon AS amenities_icon 
FROM amenities, property_amenities 
WHERE ? = property_amenities.property_id AND amenities.id = property_amenities.amenity_id
2026-09-09 23:23:54,933 INFO sqlalchemy.engine.Engine [cached since 0.002069s ago] (6,)
2026-09-09 23:23:54,934 INFO sqlalchemy.engine.Engine SELECT amenities.id AS amenities_id, amenities.name AS amenities_name, amenities.category AS amenities_category, amenities.icon AS amenities_icon 
FROM amenities, property_amenities 
WHERE ? = property_amenities.property_id AND amenities.id = property_amenities.amenity_id
2026-09-09 23:23:54,934 INFO sqlalchemy.engine.Engine [cached since 0.003095s ago] (25,)
2026-09-09 23:23:54,935 INFO sqlalchemy.engine.Engine SELECT amenities.id AS amenities_id, amenities.name AS amenities_name, amenities.category AS amenities_category, amenities.icon AS amenities_icon 
FROM amenities, property_amenities 
WHERE ? = property_amenities.property_id AND amenities.id = property_amenities.amenity_id
2026-09-09 23:23:54,935 INFO sqlalchemy.engine.Engine [cached since 0.004019s ago] (3,)
2026-09-09 23:23:54,936 INFO sqlalchemy.engine.Engine SELECT amenities.id AS amenities_id, amenities.name AS amenities_name, amenities.category AS amenities_category, amenities.icon AS amenities_icon 
FROM amenities, property_amenities 
WHERE ? = property_amenities.property_id AND amenities.id = property_amenities.amenity_id
2026-09-09 23:23:54,937 INFO sqlalchemy.engine.Engine [cached since 0.005577s ago] (30,)
2026-09-09 23:23:54,938 INFO sqlalchemy.engine.Engine SELECT amenities.id AS amenities_id, amenities.name AS amenities_name, amenities.category AS amenities_category, amenities.icon AS amenities_icon 
FROM amenities, property_amenities 
WHERE ? = property_amenities.property_id AND amenities.id = property_amenities.amenity_id
2026-09-09 23:23:54,939 INFO sqlalchemy.engine.Engine [cached since 0.007956s ago] (18,)
2026-09-09 23:23:54,940 INFO sqlalchemy.engine.Engine SELECT amenities.id AS amenities_id, amenities.name AS amenities_name, amenities.category AS amenities_category, amenities.icon AS amenities_icon 
FROM amenities, property_amenities 
WHERE ? = property_amenities.property_id AND amenities.id = property_amenities.amenity_id
2026-09-09 23:23:54,941 INFO sqlalchemy.engine.Engine [cached since 0.009641s ago] (5,)
2026-09-09 23:23:54,942 INFO sqlalchemy.engine.Engine SELECT amenities.id AS amenities_id, amenities.name AS amenities_name, amenities.category AS amenities_category, amenities.icon AS amenities_icon 
FROM amenities, property_amenities 
WHERE ? = property_amenities.property_id AND amenities.id = property_amenities.amenity_id
2026-09-09 23:23:54,942 INFO sqlalchemy.engine.Engine [cached since 0.01079s ago] (12,)
2026-09-09 23:23:54,943 INFO sqlalchemy.engine.Engine SELECT amenities.id AS amenities_id, amenities.name AS amenities_name, amenities.category AS amenities_category, amenities.icon AS amenities_icon 
FROM amenities, property_amenities 
WHERE ? = property_amenities.property_id AND amenities.id = property_amenities.amenity_id
2026-09-09 23:23:54,943 INFO sqlalchemy.engine.Engine [cached since 0.01182s ago] (21,)
2026-09-09 23:23:54,944 INFO sqlalchemy.engine.Engine SELECT amenities.id AS amenities_id, amenities.name AS amenities_name, amenities.category AS amenities_category, amenities.icon AS amenities_icon 
FROM amenities, property_amenities 
WHERE ? = property_amenities.property_id AND amenities.id = property_amenities.amenity_id
2026-09-09 23:23:54,944 INFO sqlalchemy.engine.Engine [cached since 0.01284s ago] (14,)
2026-09-09 23:23:54,945 INFO sqlalchemy.engine.Engine SELECT amenities.id AS amenities_id, amenities.name AS amenities_name, amenities.category AS amenities_category, amenities.icon AS amenities_icon 
FROM amenities, property_amenities 
WHERE ? = property_amenities.property_id AND amenities.id = property_amenities.amenity_id
2026-09-09 23:23:54,945 INFO sqlalchemy.engine.Engine [cached since 0.01379s ago] (33,)
2026-09-09 23:23:54,946 INFO sqlalchemy.engine.Engine SELECT amenities.id AS amenities_id, amenities.name AS amenities_name, amenities.category AS amenities_category, amenities.icon AS amenities_icon 
FROM amenities, property_amenities 
WHERE ? = property_amenities.property_id AND amenities.id = property_amenities.amenity_id
2026-09-09 23:23:54,946 INFO sqlalchemy.engine.Engine [cached since 0.01473s ago] (32,)
2026-09-09 23:23:54,947 INFO sqlalchemy.engine.Engine SELECT amenities.id AS amenities_id, amenities.name AS amenities_name, amenities.category AS amenities_category, amenities.icon AS amenities_icon 
FROM amenities, property_amenities 
WHERE ? = property_amenities.property_id AND amenities.id = property_amenities.amenity_id
2026-09-09 23:23:54,947 INFO sqlalchemy.engine.Engine [cached since 0.01565s ago] (23,)
2026-09-09 23:23:54,947 INFO sqlalchemy.engine.Engine SELECT amenities.id AS amenities_id, amenities.name AS amenities_name, amenities.category AS amenities_category, amenities.icon AS amenities_icon 
FROM amenities, property_amenities 
WHERE ? = property_amenities.property_id AND amenities.id = property_amenities.amenity_id
2026-09-09 23:23:54,948 INFO sqlalchemy.engine.Engine [cached since 0.01659s ago] (24,)
2026-09-09 23:23:54,948 INFO sqlalchemy.engine.Engine SELECT amenities.id AS amenities_id, amenities.name AS amenities_name, amenities.category AS amenities_category, amenities.icon AS amenities_icon 
FROM amenities, property_amenities 
WHERE ? = property_amenities.property_id AND amenities.id = property_amenities.amenity_id
2026-09-09 23:23:54,949 INFO sqlalchemy.engine.Engine [cached since 0.01752s ago] (2,)
2026-09-09 23:23:54,949 INFO sqlalchemy.engine.Engine SELECT amenities.id AS amenities_id, amenities.name AS amenities_name, amenities.category AS amenities_category, amenities.icon AS amenities_icon 
FROM amenities, property_amenities 
WHERE ? = property_amenities.property_id AND amenities.id = property_amenities.amenity_id
2026-09-09 23:23:54,950 INFO sqlalchemy.engine.Engine [cached since 0.01845s ago] (7,)
2026-09-09 23:23:54,950 INFO sqlalchemy.engine.Engine SELECT amenities.id AS amenities_id, amenities.name AS amenities_name, amenities.category AS amenities_category, amenities.icon AS amenities_icon 
FROM amenities, property_amenities 
WHERE ? = property_amenities.property_id AND amenities.id = property_amenities.amenity_id
2026-09-09 23:23:54,951 INFO sqlalchemy.engine.Engine [cached since 0.01937s ago] (16,)
2026-09-09 23:23:54,951 INFO sqlalchemy.engine.Engine SELECT amenities.id AS amenities_id, amenities.name AS amenities_name, amenities.category AS amenities_category, amenities.icon AS amenities_icon 
FROM amenities, property_amenities 
WHERE ? = property_amenities.property_id AND amenities.id = property_amenities.amenity_id
2026-09-09 23:23:54,951 INFO sqlalchemy.engine.Engine [cached since 0.02028s ago] (10,)
2026-09-09 23:23:54,952 INFO sqlalchemy.engine.Engine SELECT amenities.id AS amenities_id, amenities.name AS amenities_name, amenities.category AS amenities_category, amenities.icon AS amenities_icon 
FROM amenities, property_amenities 
WHERE ? = property_amenities.property_id AND amenities.id = property_amenities.amenity_id
2026-09-09 23:23:54,953 INFO sqlalchemy.engine.Engine [cached since 0.02149s ago] (22,)
2026-09-09 23:23:54,954 INFO sqlalchemy.engine.Engine SELECT amenities.id AS amenities_id, amenities.name AS amenities_name, amenities.category AS amenities_category, amenities.icon AS amenities_icon 
FROM amenities, property_amenities 
WHERE ? = property_amenities.property_id AND amenities.id = property_amenities.amenity_id
2026-09-09 23:23:54,955 INFO sqlalchemy.engine.Engine [cached since 0.0242s ago] (28,)
2026-09-09 23:23:54,959 INFO sqlalchemy.engine.Engine SELECT nearby_places.id AS nearby_places_id, nearby_places.name AS nearby_places_name, nearby_places.place_type AS nearby_places_place_type, nearby_places.category AS nearby_places_category, nearby_places.locality AS nearby_places_locality, nearby_places.city AS nearby_places_city, nearby_places.latitude AS nearby_places_latitude, nearby_places.longitude AS nearby_places_longitude, nearby_places.source AS nearby_places_source, nearby_places.is_synthetic AS nearby_places_is_synthetic, nearby_places.created_at AS nearby_places_created_at 
FROM nearby_places 
WHERE nearby_places.city IN (?, ?, ?, ?, ?, ?)
2026-09-09 23:23:54,959 INFO sqlalchemy.engine.Engine [generated in 0.00048s] ('Gurgaon', 'Pune', 'Hyderabad', 'Mumbai', 'Bangalore', 'Kolkata')
2026-09-09 23:23:54,962 INFO sqlalchemy.engine.Engine SELECT conversations.id AS conversations_id, conversations.user_id AS conversations_user_id, conversations.title AS conversations_title, conversations.property_id AS conversations_property_id, conversations.created_at AS conversations_created_at, conversations.updated_at AS conversations_updated_at 
FROM conversations 
WHERE conversations.id = ?
2026-09-09 23:23:54,963 INFO sqlalchemy.engine.Engine [generated in 0.00043s] (3,)
2026-09-09 23:23:54,964 INFO sqlalchemy.engine.Engine INSERT INTO messages (conversation_id, role, content, meta_json) VALUES (?, ?, ?, ?) RETURNING id, created_at
2026-09-09 23:23:54,992 INFO sqlalchemy.engine.Engine COMMIT
2026-09-09 23:23:54,993 INFO sqlalchemy.engine.Engine BEGIN (implicit)
2026-09-09 23:23:54,994 INFO sqlalchemy.engine.Engine SELECT messages.id, messages.conversation_id, messages.role, messages.content, messages.meta_json, messages.created_at 
FROM messages 
WHERE messages.id = ?
2026-09-09 23:23:54,994 INFO sqlalchemy.engine.Engine [cached since 0.09515s ago] (6,)
2026-09-09 23:23:54,995 INFO sqlalchemy.engine.Engine SELECT conversations.id AS conversations_id, conversations.user_id AS conversations_user_id, conversations.title AS conversations_title, conversations.property_id AS conversations_property_id, conversations.created_at AS conversations_created_at, conversations.updated_at AS conversations_updated_at 
FROM conversations 
WHERE conversations.id = ?
 LIMIT ? OFFSET ?
2026-09-09 23:23:54,995 INFO sqlalchemy.engine.Engine [cached since 0.09474s ago] (3, 1, 0)
2026-09-09 23:23:54,996 INFO sqlalchemy.engine.Engine UPDATE conversations SET updated_at=CURRENT_TIMESTAMP WHERE conversations.id = ?
2026-09-09 23:23:54,996 INFO sqlalchemy.engine.Engine [cached since 0.09391s ago] (3,)
2026-09-09 23:23:54,997 INFO sqlalchemy.engine.Engine COMMIT
2026-09-09 23:23:54,997 INFO sqlalchemy.engine.Engine BEGIN (implicit)
2026-09-09 23:23:54,998 INFO sqlalchemy.engine.Engine SELECT users.id AS users_id, users.email AS users_email, users.full_name AS users_full_name, users.hashed_password AS users_hashed_password, users.phone AS users_phone, users.role AS users_role, users.is_active AS users_is_active, users.is_email_verified AS users_is_email_verified, users.preferred_cities AS users_preferred_cities, users.budget_min AS users_budget_min, users.budget_max AS users_budget_max, users.created_at AS users_created_at, users.updated_at AS users_updated_at 
FROM users 
WHERE users.id = ?
2026-09-09 23:23:54,998 INFO sqlalchemy.engine.Engine [generated in 0.00038s] (4,)
2026-09-09 23:23:54,999 INFO sqlalchemy.engine.Engine SELECT conversations.id AS conversations_id, conversations.user_id AS conversations_user_id, conversations.title AS conversations_title, conversations.property_id AS conversations_property_id, conversations.created_at AS conversations_created_at, conversations.updated_at AS conversations_updated_at 
FROM conversations 
WHERE conversations.id = ?
2026-09-09 23:23:54,999 INFO sqlalchemy.engine.Engine [cached since 0.03707s ago] (3,)
2026-09-09 23:23:55,001 INFO sqlalchemy.engine.Engine INSERT INTO audit_logs (user_id, action, entity, entity_id, detail, ip_address) VALUES (?, ?, ?, ?, ?, ?) RETURNING id, created_at
2026-09-09 23:23:55,001 INFO sqlalchemy.engine.Engine [generated in 0.00041s] (4, 'ai.message', 'conversation', 3, '{"result_count": 8}', '127.0.0.1')
2026-09-09 23:23:55,002 INFO sqlalchemy.engine.Engine COMMIT
2026-09-09 23:23:55,003 INFO sqlalchemy.engine.Engine BEGIN (implicit)
2026-09-09 23:23:55,005 INFO sqlalchemy.engine.Engine SELECT audit_logs.id, audit_logs.user_id, audit_logs.action, audit_logs.entity, audit_logs.entity_id, audit_logs.detail, audit_logs.ip_address, audit_logs.created_at 
FROM audit_logs 
WHERE audit_logs.id = ?
2026-09-09 23:23:55,006 INFO sqlalchemy.engine.Engine [generated in 0.00071s] (3,)
2026-09-09 23:23:55,007 INFO sqlalchemy.engine.Engine SELECT conversations.id AS conversations_id, conversations.user_id AS conversations_user_id, conversations.title AS conversations_title, conversations.property_id AS conversations_property_id, conversations.created_at AS conversations_created_at, conversations.updated_at AS conversations_updated_at 
FROM conversations 
WHERE conversations.id = ?
2026-09-09 23:23:55,007 INFO sqlalchemy.engine.Engine [cached since 0.04465s ago] (3,)
2026-09-09 23:23:55,008 INFO sqlalchemy.engine.Engine ROLLBACK
INFO:     127.0.0.1:54420 - "POST /api/v1/ai/assistant HTTP/1.1" 200 OK
INFO:     127.0.0.1:54126 - "GET /api/v1/health HTTP/1.1" 200 OK
INFO:     127.0.0.1:58985 - "OPTIONS /api/v1/properties/featured HTTP/1.1" 200 OK
INFO:     127.0.0.1:58985 - "OPTIONS /api/v1/properties/featured HTTP/1.1" 200 OK
2026-09-09 23:25:24,092 INFO sqlalchemy.engine.Engine BEGIN (implicit)
2026-09-09 23:25:24,105 INFO sqlalchemy.engine.Engine SELECT anon_1.properties_id AS anon_1_properties_id, anon_1.properties_title AS anon_1_properties_title, anon_1.properties_description AS anon_1_properties_description, anon_1.properties_slug AS anon_1_properties_slug, anon_1.properties_price AS anon_1_properties_price, anon_1.properties_price_per_sqft AS anon_1_properties_price_per_sqft, anon_1.properties_maintenance_charge AS anon_1_properties_maintenance_charge, anon_1.properties_property_type AS anon_1_properties_property_type, anon_1.properties_listing_type AS anon_1_properties_listing_type, anon_1.properties_bedrooms AS anon_1_properties_bedrooms, anon_1.properties_bathrooms AS anon_1_properties_bathrooms, anon_1.properties_balconies AS anon_1_properties_balconies, anon_1.properties_area_sqft AS anon_1_properties_area_sqft, anon_1.properties_carpet_area_sqft AS anon_1_properties_carpet_area_sqft, anon_1.properties_floor AS anon_1_properties_floor, anon_1.properties_total_floors AS anon_1_properties_total_floors, anon_1.properties_property_age AS anon_1_properties_property_age, anon_1.properties_facing AS anon_1_properties_facing, anon_1.properties_furnishing AS anon_1_properties_furnishing, anon_1.properties_parking AS anon_1_properties_parking, anon_1.properties_construction_status AS anon_1_properties_construction_status, anon_1.properties_address AS anon_1_properties_address, anon_1.properties_locality AS anon_1_properties_locality, anon_1.properties_city AS anon_1_properties_city, anon_1.properties_state AS anon_1_properties_state, anon_1.properties_pincode AS anon_1_properties_pincode, anon_1.properties_latitude AS anon_1_properties_latitude, anon_1.properties_longitude AS anon_1_properties_longitude, anon_1.properties_builder_name AS anon_1_properties_builder_name, anon_1.properties_project_name AS anon_1_properties_project_name, anon_1.properties_source AS anon_1_properties_source, anon_1.properties_source_url AS anon_1_properties_source_url, anon_1.properties_source_id AS anon_1_properties_source_id, anon_1.properties_verification_status AS anon_1_properties_verification_status, anon_1.properties_is_featured AS anon_1_properties_is_featured, anon_1.properties_is_active AS anon_1_properties_is_active, anon_1.properties_is_synthetic AS anon_1_properties_is_synthetic, anon_1.properties_image_urls AS anon_1_properties_image_urls, anon_1.properties_listed_at AS anon_1_properties_listed_at, anon_1.properties_created_at AS anon_1_properties_created_at, anon_1.properties_updated_at AS anon_1_properties_updated_at, amenities_1.id AS amenities_1_id, amenities_1.name AS amenities_1_name, amenities_1.category AS amenities_1_category, amenities_1.icon AS amenities_1_icon 
FROM (SELECT properties.id AS properties_id, properties.title AS properties_title, properties.description AS properties_description, properties.slug AS properties_slug, properties.price AS properties_price, properties.price_per_sqft AS properties_price_per_sqft, properties.maintenance_charge AS properties_maintenance_charge, properties.property_type AS properties_property_type, properties.listing_type AS properties_listing_type, properties.bedrooms AS properties_bedrooms, properties.bathrooms AS properties_bathrooms, properties.balconies AS properties_balconies, properties.area_sqft AS properties_area_sqft, properties.carpet_area_sqft AS properties_carpet_area_sqft, properties.floor AS properties_floor, properties.total_floors AS properties_total_floors, properties.property_age AS properties_property_age, properties.facing AS properties_facing, properties.furnishing AS properties_furnishing, properties.parking AS properties_parking, properties.construction_status AS properties_construction_status, properties.address AS properties_address, properties.locality AS properties_locality, properties.city AS properties_city, properties.state AS properties_state, properties.pincode AS properties_pincode, properties.latitude AS properties_latitude, properties.longitude AS properties_longitude, properties.builder_name AS properties_builder_name, properties.project_name AS properties_project_name, properties.source AS properties_source, properties.source_url AS properties_source_url, properties.source_id AS properties_source_id, properties.verification_status AS properties_verification_status, properties.is_featured AS properties_is_featured, properties.is_active AS properties_is_active, properties.is_synthetic AS properties_is_synthetic, properties.image_urls AS properties_image_urls, properties.listed_at AS properties_listed_at, properties.created_at AS properties_created_at, properties.updated_at AS properties_updated_at 
FROM properties 
WHERE properties.is_active = 1 AND properties.is_featured = 1 ORDER BY properties.created_at DESC
 LIMIT ? OFFSET ?) AS anon_1 LEFT OUTER JOIN (property_amenities AS property_amenities_1 JOIN amenities AS amenities_1 ON amenities_1.id = property_amenities_1.amenity_id) ON anon_1.properties_id = property_amenities_1.property_id ORDER BY anon_1.properties_created_at DESC
2026-09-09 23:25:24,107 INFO sqlalchemy.engine.Engine [generated in 0.00228s] (6, 0)
2026-09-09 23:25:24,115 INFO sqlalchemy.engine.Engine ROLLBACK
INFO:     127.0.0.1:49671 - "GET /api/v1/properties/featured HTTP/1.1" 200 OK
2026-09-09 23:25:24,122 INFO sqlalchemy.engine.Engine BEGIN (implicit)
2026-09-09 23:25:24,124 INFO sqlalchemy.engine.Engine SELECT anon_1.properties_id AS anon_1_properties_id, anon_1.properties_title AS anon_1_properties_title, anon_1.properties_description AS anon_1_properties_description, anon_1.properties_slug AS anon_1_properties_slug, anon_1.properties_price AS anon_1_properties_price, anon_1.properties_price_per_sqft AS anon_1_properties_price_per_sqft, anon_1.properties_maintenance_charge AS anon_1_properties_maintenance_charge, anon_1.properties_property_type AS anon_1_properties_property_type, anon_1.properties_listing_type AS anon_1_properties_listing_type, anon_1.properties_bedrooms AS anon_1_properties_bedrooms, anon_1.properties_bathrooms AS anon_1_properties_bathrooms, anon_1.properties_balconies AS anon_1_properties_balconies, anon_1.properties_area_sqft AS anon_1_properties_area_sqft, anon_1.properties_carpet_area_sqft AS anon_1_properties_carpet_area_sqft, anon_1.properties_floor AS anon_1_properties_floor, anon_1.properties_total_floors AS anon_1_properties_total_floors, anon_1.properties_property_age AS anon_1_properties_property_age, anon_1.properties_facing AS anon_1_properties_facing, anon_1.properties_furnishing AS anon_1_properties_furnishing, anon_1.properties_parking AS anon_1_properties_parking, anon_1.properties_construction_status AS anon_1_properties_construction_status, anon_1.properties_address AS anon_1_properties_address, anon_1.properties_locality AS anon_1_properties_locality, anon_1.properties_city AS anon_1_properties_city, anon_1.properties_state AS anon_1_properties_state, anon_1.properties_pincode AS anon_1_properties_pincode, anon_1.properties_latitude AS anon_1_properties_latitude, anon_1.properties_longitude AS anon_1_properties_longitude, anon_1.properties_builder_name AS anon_1_properties_builder_name, anon_1.properties_project_name AS anon_1_properties_project_name, anon_1.properties_source AS anon_1_properties_source, anon_1.properties_source_url AS anon_1_properties_source_url, anon_1.properties_source_id AS anon_1_properties_source_id, anon_1.properties_verification_status AS anon_1_properties_verification_status, anon_1.properties_is_featured AS anon_1_properties_is_featured, anon_1.properties_is_active AS anon_1_properties_is_active, anon_1.properties_is_synthetic AS anon_1_properties_is_synthetic, anon_1.properties_image_urls AS anon_1_properties_image_urls, anon_1.properties_listed_at AS anon_1_properties_listed_at, anon_1.properties_created_at AS anon_1_properties_created_at, anon_1.properties_updated_at AS anon_1_properties_updated_at, amenities_1.id AS amenities_1_id, amenities_1.name AS amenities_1_name, amenities_1.category AS amenities_1_category, amenities_1.icon AS amenities_1_icon 
FROM (SELECT properties.id AS properties_id, properties.title AS properties_title, properties.description AS properties_description, properties.slug AS properties_slug, properties.price AS properties_price, properties.price_per_sqft AS properties_price_per_sqft, properties.maintenance_charge AS properties_maintenance_charge, properties.property_type AS properties_property_type, properties.listing_type AS properties_listing_type, properties.bedrooms AS properties_bedrooms, properties.bathrooms AS properties_bathrooms, properties.balconies AS properties_balconies, properties.area_sqft AS properties_area_sqft, properties.carpet_area_sqft AS properties_carpet_area_sqft, properties.floor AS properties_floor, properties.total_floors AS properties_total_floors, properties.property_age AS properties_property_age, properties.facing AS properties_facing, properties.furnishing AS properties_furnishing, properties.parking AS properties_parking, properties.construction_status AS properties_construction_status, properties.address AS properties_address, properties.locality AS properties_locality, properties.city AS properties_city, properties.state AS properties_state, properties.pincode AS properties_pincode, properties.latitude AS properties_latitude, properties.longitude AS properties_longitude, properties.builder_name AS properties_builder_name, properties.project_name AS properties_project_name, properties.source AS properties_source, properties.source_url AS properties_source_url, properties.source_id AS properties_source_id, properties.verification_status AS properties_verification_status, properties.is_featured AS properties_is_featured, properties.is_active AS properties_is_active, properties.is_synthetic AS properties_is_synthetic, properties.image_urls AS properties_image_urls, properties.listed_at AS properties_listed_at, properties.created_at AS properties_created_at, properties.updated_at AS properties_updated_at 
FROM properties 
WHERE properties.is_active = 1 AND properties.is_featured = 1 ORDER BY properties.created_at DESC
 LIMIT ? OFFSET ?) AS anon_1 LEFT OUTER JOIN (property_amenities AS property_amenities_1 JOIN amenities AS amenities_1 ON amenities_1.id = property_amenities_1.amenity_id) ON anon_1.properties_id = property_amenities_1.property_id ORDER BY anon_1.properties_created_at DESC
2026-09-09 23:25:24,125 INFO sqlalchemy.engine.Engine [cached since 0.02029s ago] (6, 0)
2026-09-09 23:25:24,133 INFO sqlalchemy.engine.Engine ROLLBACK
INFO:     127.0.0.1:49671 - "GET /api/v1/properties/featured HTTP/1.1" 200 OK
2026-09-09 23:29:31,027 INFO sqlalchemy.engine.Engine BEGIN (implicit)
2026-09-09 23:29:31,031 INFO sqlalchemy.engine.Engine SELECT anon_1.properties_id AS anon_1_properties_id, anon_1.properties_title AS anon_1_properties_title, anon_1.properties_description AS anon_1_properties_description, anon_1.properties_slug AS anon_1_properties_slug, anon_1.properties_price AS anon_1_properties_price, anon_1.properties_price_per_sqft AS anon_1_properties_price_per_sqft, anon_1.properties_maintenance_charge AS anon_1_properties_maintenance_charge, anon_1.properties_property_type AS anon_1_properties_property_type, anon_1.properties_listing_type AS anon_1_properties_listing_type, anon_1.properties_bedrooms AS anon_1_properties_bedrooms, anon_1.properties_bathrooms AS anon_1_properties_bathrooms, anon_1.properties_balconies AS anon_1_properties_balconies, anon_1.properties_area_sqft AS anon_1_properties_area_sqft, anon_1.properties_carpet_area_sqft AS anon_1_properties_carpet_area_sqft, anon_1.properties_floor AS anon_1_properties_floor, anon_1.properties_total_floors AS anon_1_properties_total_floors, anon_1.properties_property_age AS anon_1_properties_property_age, anon_1.properties_facing AS anon_1_properties_facing, anon_1.properties_furnishing AS anon_1_properties_furnishing, anon_1.properties_parking AS anon_1_properties_parking, anon_1.properties_construction_status AS anon_1_properties_construction_status, anon_1.properties_address AS anon_1_properties_address, anon_1.properties_locality AS anon_1_properties_locality, anon_1.properties_city AS anon_1_properties_city, anon_1.properties_state AS anon_1_properties_state, anon_1.properties_pincode AS anon_1_properties_pincode, anon_1.properties_latitude AS anon_1_properties_latitude, anon_1.properties_longitude AS anon_1_properties_longitude, anon_1.properties_builder_name AS anon_1_properties_builder_name, anon_1.properties_project_name AS anon_1_properties_project_name, anon_1.properties_source AS anon_1_properties_source, anon_1.properties_source_url AS anon_1_properties_source_url, anon_1.properties_source_id AS anon_1_properties_source_id, anon_1.properties_verification_status AS anon_1_properties_verification_status, anon_1.properties_is_featured AS anon_1_properties_is_featured, anon_1.properties_is_active AS anon_1_properties_is_active, anon_1.properties_is_synthetic AS anon_1_properties_is_synthetic, anon_1.properties_image_urls AS anon_1_properties_image_urls, anon_1.properties_listed_at AS anon_1_properties_listed_at, anon_1.properties_created_at AS anon_1_properties_created_at, anon_1.properties_updated_at AS anon_1_properties_updated_at, amenities_1.id AS amenities_1_id, amenities_1.name AS amenities_1_name, amenities_1.category AS amenities_1_category, amenities_1.icon AS amenities_1_icon 
FROM (SELECT properties.id AS properties_id, properties.title AS properties_title, properties.description AS properties_description, properties.slug AS properties_slug, properties.price AS properties_price, properties.price_per_sqft AS properties_price_per_sqft, properties.maintenance_charge AS properties_maintenance_charge, properties.property_type AS properties_property_type, properties.listing_type AS properties_listing_type, properties.bedrooms AS properties_bedrooms, properties.bathrooms AS properties_bathrooms, properties.balconies AS properties_balconies, properties.area_sqft AS properties_area_sqft, properties.carpet_area_sqft AS properties_carpet_area_sqft, properties.floor AS properties_floor, properties.total_floors AS properties_total_floors, properties.property_age AS properties_property_age, properties.facing AS properties_facing, properties.furnishing AS properties_furnishing, properties.parking AS properties_parking, properties.construction_status AS properties_construction_status, properties.address AS properties_address, properties.locality AS properties_locality, properties.city AS properties_city, properties.state AS properties_state, properties.pincode AS properties_pincode, properties.latitude AS properties_latitude, properties.longitude AS properties_longitude, properties.builder_name AS properties_builder_name, properties.project_name AS properties_project_name, properties.source AS properties_source, properties.source_url AS properties_source_url, properties.source_id AS properties_source_id, properties.verification_status AS properties_verification_status, properties.is_featured AS properties_is_featured, properties.is_active AS properties_is_active, properties.is_synthetic AS properties_is_synthetic, properties.image_urls AS properties_image_urls, properties.listed_at AS properties_listed_at, properties.created_at AS properties_created_at, properties.updated_at AS properties_updated_at 
FROM properties 
WHERE properties.is_active = 1 AND properties.is_featured = 1 ORDER BY properties.created_at DESC
 LIMIT ? OFFSET ?) AS anon_1 LEFT OUTER JOIN (property_amenities AS property_amenities_1 JOIN amenities AS amenities_1 ON amenities_1.id = property_amenities_1.amenity_id) ON anon_1.properties_id = property_amenities_1.property_id ORDER BY anon_1.properties_created_at DESC
2026-09-09 23:29:31,032 INFO sqlalchemy.engine.Engine [cached since 246.9s ago] (6, 0)
2026-09-09 23:29:31,044 INFO sqlalchemy.engine.Engine ROLLBACK
INFO:     127.0.0.1:56140 - "GET /api/v1/properties/featured HTTP/1.1" 200 OK
2026-09-09 23:29:31,052 INFO sqlalchemy.engine.Engine BEGIN (implicit)
2026-09-09 23:29:31,055 INFO sqlalchemy.engine.Engine SELECT anon_1.properties_id AS anon_1_properties_id, anon_1.properties_title AS anon_1_properties_title, anon_1.properties_description AS anon_1_properties_description, anon_1.properties_slug AS anon_1_properties_slug, anon_1.properties_price AS anon_1_properties_price, anon_1.properties_price_per_sqft AS anon_1_properties_price_per_sqft, anon_1.properties_maintenance_charge AS anon_1_properties_maintenance_charge, anon_1.properties_property_type AS anon_1_properties_property_type, anon_1.properties_listing_type AS anon_1_properties_listing_type, anon_1.properties_bedrooms AS anon_1_properties_bedrooms, anon_1.properties_bathrooms AS anon_1_properties_bathrooms, anon_1.properties_balconies AS anon_1_properties_balconies, anon_1.properties_area_sqft AS anon_1_properties_area_sqft, anon_1.properties_carpet_area_sqft AS anon_1_properties_carpet_area_sqft, anon_1.properties_floor AS anon_1_properties_floor, anon_1.properties_total_floors AS anon_1_properties_total_floors, anon_1.properties_property_age AS anon_1_properties_property_age, anon_1.properties_facing AS anon_1_properties_facing, anon_1.properties_furnishing AS anon_1_properties_furnishing, anon_1.properties_parking AS anon_1_properties_parking, anon_1.properties_construction_status AS anon_1_properties_construction_status, anon_1.properties_address AS anon_1_properties_address, anon_1.properties_locality AS anon_1_properties_locality, anon_1.properties_city AS anon_1_properties_city, anon_1.properties_state AS anon_1_properties_state, anon_1.properties_pincode AS anon_1_properties_pincode, anon_1.properties_latitude AS anon_1_properties_latitude, anon_1.properties_longitude AS anon_1_properties_longitude, anon_1.properties_builder_name AS anon_1_properties_builder_name, anon_1.properties_project_name AS anon_1_properties_project_name, anon_1.properties_source AS anon_1_properties_source, anon_1.properties_source_url AS anon_1_properties_source_url, anon_1.properties_source_id AS anon_1_properties_source_id, anon_1.properties_verification_status AS anon_1_properties_verification_status, anon_1.properties_is_featured AS anon_1_properties_is_featured, anon_1.properties_is_active AS anon_1_properties_is_active, anon_1.properties_is_synthetic AS anon_1_properties_is_synthetic, anon_1.properties_image_urls AS anon_1_properties_image_urls, anon_1.properties_listed_at AS anon_1_properties_listed_at, anon_1.properties_created_at AS anon_1_properties_created_at, anon_1.properties_updated_at AS anon_1_properties_updated_at, amenities_1.id AS amenities_1_id, amenities_1.name AS amenities_1_name, amenities_1.category AS amenities_1_category, amenities_1.icon AS amenities_1_icon 
FROM (SELECT properties.id AS properties_id, properties.title AS properties_title, properties.description AS properties_description, properties.slug AS properties_slug, properties.price AS properties_price, properties.price_per_sqft AS properties_price_per_sqft, properties.maintenance_charge AS properties_maintenance_charge, properties.property_type AS properties_property_type, properties.listing_type AS properties_listing_type, properties.bedrooms AS properties_bedrooms, properties.bathrooms AS properties_bathrooms, properties.balconies AS properties_balconies, properties.area_sqft AS properties_area_sqft, properties.carpet_area_sqft AS properties_carpet_area_sqft, properties.floor AS properties_floor, properties.total_floors AS properties_total_floors, properties.property_age AS properties_property_age, properties.facing AS properties_facing, properties.furnishing AS properties_furnishing, properties.parking AS properties_parking, properties.construction_status AS properties_construction_status, properties.address AS properties_address, properties.locality AS properties_locality, properties.city AS properties_city, properties.state AS properties_state, properties.pincode AS properties_pincode, properties.latitude AS properties_latitude, properties.longitude AS properties_longitude, properties.builder_name AS properties_builder_name, properties.project_name AS properties_project_name, properties.source AS properties_source, properties.source_url AS properties_source_url, properties.source_id AS properties_source_id, properties.verification_status AS properties_verification_status, properties.is_featured AS properties_is_featured, properties.is_active AS properties_is_active, properties.is_synthetic AS properties_is_synthetic, properties.image_urls AS properties_image_urls, properties.listed_at AS properties_listed_at, properties.created_at AS properties_created_at, properties.updated_at AS properties_updated_at 
FROM properties 
WHERE properties.is_active = 1 AND properties.is_featured = 1 ORDER BY properties.created_at DESC
 LIMIT ? OFFSET ?) AS anon_1 LEFT OUTER JOIN (property_amenities AS property_amenities_1 JOIN amenities AS amenities_1 ON amenities_1.id = property_amenities_1.amenity_id) ON anon_1.properties_id = property_amenities_1.property_id ORDER BY anon_1.properties_created_at DESC
2026-09-09 23:29:31,057 INFO sqlalchemy.engine.Engine [cached since 247s ago] (6, 0)
2026-09-09 23:29:31,065 INFO sqlalchemy.engine.Engine ROLLBACK
INFO:     127.0.0.1:56140 - "GET /api/v1/properties/featured HTTP/1.1" 200 OK
2026-09-09 23:32:50,852 INFO sqlalchemy.engine.Engine BEGIN (implicit)
2026-09-09 23:32:50,857 INFO sqlalchemy.engine.Engine SELECT anon_1.properties_id AS anon_1_properties_id, anon_1.properties_title AS anon_1_properties_title, anon_1.properties_description AS anon_1_properties_description, anon_1.properties_slug AS anon_1_properties_slug, anon_1.properties_price AS anon_1_properties_price, anon_1.properties_price_per_sqft AS anon_1_properties_price_per_sqft, anon_1.properties_maintenance_charge AS anon_1_properties_maintenance_charge, anon_1.properties_property_type AS anon_1_properties_property_type, anon_1.properties_listing_type AS anon_1_properties_listing_type, anon_1.properties_bedrooms AS anon_1_properties_bedrooms, anon_1.properties_bathrooms AS anon_1_properties_bathrooms, anon_1.properties_balconies AS anon_1_properties_balconies, anon_1.properties_area_sqft AS anon_1_properties_area_sqft, anon_1.properties_carpet_area_sqft AS anon_1_properties_carpet_area_sqft, anon_1.properties_floor AS anon_1_properties_floor, anon_1.properties_total_floors AS anon_1_properties_total_floors, anon_1.properties_property_age AS anon_1_properties_property_age, anon_1.properties_facing AS anon_1_properties_facing, anon_1.properties_furnishing AS anon_1_properties_furnishing, anon_1.properties_parking AS anon_1_properties_parking, anon_1.properties_construction_status AS anon_1_properties_construction_status, anon_1.properties_address AS anon_1_properties_address, anon_1.properties_locality AS anon_1_properties_locality, anon_1.properties_city AS anon_1_properties_city, anon_1.properties_state AS anon_1_properties_state, anon_1.properties_pincode AS anon_1_properties_pincode, anon_1.properties_latitude AS anon_1_properties_latitude, anon_1.properties_longitude AS anon_1_properties_longitude, anon_1.properties_builder_name AS anon_1_properties_builder_name, anon_1.properties_project_name AS anon_1_properties_project_name, anon_1.properties_source AS anon_1_properties_source, anon_1.properties_source_url AS anon_1_properties_source_url, anon_1.properties_source_id AS anon_1_properties_source_id, anon_1.properties_verification_status AS anon_1_properties_verification_status, anon_1.properties_is_featured AS anon_1_properties_is_featured, anon_1.properties_is_active AS anon_1_properties_is_active, anon_1.properties_is_synthetic AS anon_1_properties_is_synthetic, anon_1.properties_image_urls AS anon_1_properties_image_urls, anon_1.properties_listed_at AS anon_1_properties_listed_at, anon_1.properties_created_at AS anon_1_properties_created_at, anon_1.properties_updated_at AS anon_1_properties_updated_at, amenities_1.id AS amenities_1_id, amenities_1.name AS amenities_1_name, amenities_1.category AS amenities_1_category, amenities_1.icon AS amenities_1_icon 
FROM (SELECT properties.id AS properties_id, properties.title AS properties_title, properties.description AS properties_description, properties.slug AS properties_slug, properties.price AS properties_price, properties.price_per_sqft AS properties_price_per_sqft, properties.maintenance_charge AS properties_maintenance_charge, properties.property_type AS properties_property_type, properties.listing_type AS properties_listing_type, properties.bedrooms AS properties_bedrooms, properties.bathrooms AS properties_bathrooms, properties.balconies AS properties_balconies, properties.area_sqft AS properties_area_sqft, properties.carpet_area_sqft AS properties_carpet_area_sqft, properties.floor AS properties_floor, properties.total_floors AS properties_total_floors, properties.property_age AS properties_property_age, properties.facing AS properties_facing, properties.furnishing AS properties_furnishing, properties.parking AS properties_parking, properties.construction_status AS properties_construction_status, properties.address AS properties_address, properties.locality AS properties_locality, properties.city AS properties_city, properties.state AS properties_state, properties.pincode AS properties_pincode, properties.latitude AS properties_latitude, properties.longitude AS properties_longitude, properties.builder_name AS properties_builder_name, properties.project_name AS properties_project_name, properties.source AS properties_source, properties.source_url AS properties_source_url, properties.source_id AS properties_source_id, properties.verification_status AS properties_verification_status, properties.is_featured AS properties_is_featured, properties.is_active AS properties_is_active, properties.is_synthetic AS properties_is_synthetic, properties.image_urls AS properties_image_urls, properties.listed_at AS properties_listed_at, properties.created_at AS properties_created_at, properties.updated_at AS properties_updated_at 
FROM properties 
WHERE properties.is_active = 1 AND properties.is_featured = 1 ORDER BY properties.created_at DESC
 LIMIT ? OFFSET ?) AS anon_1 LEFT OUTER JOIN (property_amenities AS property_amenities_1 JOIN amenities AS amenities_1 ON amenities_1.id = property_amenities_1.amenity_id) ON anon_1.properties_id = property_amenities_1.property_id ORDER BY anon_1.properties_created_at DESC
2026-09-09 23:32:50,858 INFO sqlalchemy.engine.Engine [cached since 446.8s ago] (6, 0)
2026-09-09 23:32:50,870 INFO sqlalchemy.engine.Engine ROLLBACK
INFO:     127.0.0.1:64632 - "GET /api/v1/properties/featured HTTP/1.1" 200 OK
2026-09-09 23:32:50,882 INFO sqlalchemy.engine.Engine BEGIN (implicit)
2026-09-09 23:32:50,884 INFO sqlalchemy.engine.Engine SELECT anon_1.properties_id AS anon_1_properties_id, anon_1.properties_title AS anon_1_properties_title, anon_1.properties_description AS anon_1_properties_description, anon_1.properties_slug AS anon_1_properties_slug, anon_1.properties_price AS anon_1_properties_price, anon_1.properties_price_per_sqft AS anon_1_properties_price_per_sqft, anon_1.properties_maintenance_charge AS anon_1_properties_maintenance_charge, anon_1.properties_property_type AS anon_1_properties_property_type, anon_1.properties_listing_type AS anon_1_properties_listing_type, anon_1.properties_bedrooms AS anon_1_properties_bedrooms, anon_1.properties_bathrooms AS anon_1_properties_bathrooms, anon_1.properties_balconies AS anon_1_properties_balconies, anon_1.properties_area_sqft AS anon_1_properties_area_sqft, anon_1.properties_carpet_area_sqft AS anon_1_properties_carpet_area_sqft, anon_1.properties_floor AS anon_1_properties_floor, anon_1.properties_total_floors AS anon_1_properties_total_floors, anon_1.properties_property_age AS anon_1_properties_property_age, anon_1.properties_facing AS anon_1_properties_facing, anon_1.properties_furnishing AS anon_1_properties_furnishing, anon_1.properties_parking AS anon_1_properties_parking, anon_1.properties_construction_status AS anon_1_properties_construction_status, anon_1.properties_address AS anon_1_properties_address, anon_1.properties_locality AS anon_1_properties_locality, anon_1.properties_city AS anon_1_properties_city, anon_1.properties_state AS anon_1_properties_state, anon_1.properties_pincode AS anon_1_properties_pincode, anon_1.properties_latitude AS anon_1_properties_latitude, anon_1.properties_longitude AS anon_1_properties_longitude, anon_1.properties_builder_name AS anon_1_properties_builder_name, anon_1.properties_project_name AS anon_1_properties_project_name, anon_1.properties_source AS anon_1_properties_source, anon_1.properties_source_url AS anon_1_properties_source_url, anon_1.properties_source_id AS anon_1_properties_source_id, anon_1.properties_verification_status AS anon_1_properties_verification_status, anon_1.properties_is_featured AS anon_1_properties_is_featured, anon_1.properties_is_active AS anon_1_properties_is_active, anon_1.properties_is_synthetic AS anon_1_properties_is_synthetic, anon_1.properties_image_urls AS anon_1_properties_image_urls, anon_1.properties_listed_at AS anon_1_properties_listed_at, anon_1.properties_created_at AS anon_1_properties_created_at, anon_1.properties_updated_at AS anon_1_properties_updated_at, amenities_1.id AS amenities_1_id, amenities_1.name AS amenities_1_name, amenities_1.category AS amenities_1_category, amenities_1.icon AS amenities_1_icon 
FROM (SELECT properties.id AS properties_id, properties.title AS properties_title, properties.description AS properties_description, properties.slug AS properties_slug, properties.price AS properties_price, properties.price_per_sqft AS properties_price_per_sqft, properties.maintenance_charge AS properties_maintenance_charge, properties.property_type AS properties_property_type, properties.listing_type AS properties_listing_type, properties.bedrooms AS properties_bedrooms, properties.bathrooms AS properties_bathrooms, properties.balconies AS properties_balconies, properties.area_sqft AS properties_area_sqft, properties.carpet_area_sqft AS properties_carpet_area_sqft, properties.floor AS properties_floor, properties.total_floors AS properties_total_floors, properties.property_age AS properties_property_age, properties.facing AS properties_facing, properties.furnishing AS properties_furnishing, properties.parking AS properties_parking, properties.construction_status AS properties_construction_status, properties.address AS properties_address, properties.locality AS properties_locality, properties.city AS properties_city, properties.state AS properties_state, properties.pincode AS properties_pincode, properties.latitude AS properties_latitude, properties.longitude AS properties_longitude, properties.builder_name AS properties_builder_name, properties.project_name AS properties_project_name, properties.source AS properties_source, properties.source_url AS properties_source_url, properties.source_id AS properties_source_id, properties.verification_status AS properties_verification_status, properties.is_featured AS properties_is_featured, properties.is_active AS properties_is_active, properties.is_synthetic AS properties_is_synthetic, properties.image_urls AS properties_image_urls, properties.listed_at AS properties_listed_at, properties.created_at AS properties_created_at, properties.updated_at AS properties_updated_at 
FROM properties 
WHERE properties.is_active = 1 AND properties.is_featured = 1 ORDER BY properties.created_at DESC
 LIMIT ? OFFSET ?) AS anon_1 LEFT OUTER JOIN (property_amenities AS property_amenities_1 JOIN amenities AS amenities_1 ON amenities_1.id = property_amenities_1.amenity_id) ON anon_1.properties_id = property_amenities_1.property_id ORDER BY anon_1.properties_created_at DESC
2026-09-09 23:32:50,885 INFO sqlalchemy.engine.Engine [cached since 446.8s ago] (6, 0)
2026-09-09 23:32:50,895 INFO sqlalchemy.engine.Engine ROLLBACK
INFO:     127.0.0.1:64632 - "GET /api/v1/properties/featured HTTP/1.1" 200 OK
2026-09-09 23:34:07,604 INFO sqlalchemy.engine.Engine BEGIN (implicit)
2026-09-09 23:34:07,608 INFO sqlalchemy.engine.Engine SELECT anon_1.properties_id AS anon_1_properties_id, anon_1.properties_title AS anon_1_properties_title, anon_1.properties_description AS anon_1_properties_description, anon_1.properties_slug AS anon_1_properties_slug, anon_1.properties_price AS anon_1_properties_price, anon_1.properties_price_per_sqft AS anon_1_properties_price_per_sqft, anon_1.properties_maintenance_charge AS anon_1_properties_maintenance_charge, anon_1.properties_property_type AS anon_1_properties_property_type, anon_1.properties_listing_type AS anon_1_properties_listing_type, anon_1.properties_bedrooms AS anon_1_properties_bedrooms, anon_1.properties_bathrooms AS anon_1_properties_bathrooms, anon_1.properties_balconies AS anon_1_properties_balconies, anon_1.properties_area_sqft AS anon_1_properties_area_sqft, anon_1.properties_carpet_area_sqft AS anon_1_properties_carpet_area_sqft, anon_1.properties_floor AS anon_1_properties_floor, anon_1.properties_total_floors AS anon_1_properties_total_floors, anon_1.properties_property_age AS anon_1_properties_property_age, anon_1.properties_facing AS anon_1_properties_facing, anon_1.properties_furnishing AS anon_1_properties_furnishing, anon_1.properties_parking AS anon_1_properties_parking, anon_1.properties_construction_status AS anon_1_properties_construction_status, anon_1.properties_address AS anon_1_properties_address, anon_1.properties_locality AS anon_1_properties_locality, anon_1.properties_city AS anon_1_properties_city, anon_1.properties_state AS anon_1_properties_state, anon_1.properties_pincode AS anon_1_properties_pincode, anon_1.properties_latitude AS anon_1_properties_latitude, anon_1.properties_longitude AS anon_1_properties_longitude, anon_1.properties_builder_name AS anon_1_properties_builder_name, anon_1.properties_project_name AS anon_1_properties_project_name, anon_1.properties_source AS anon_1_properties_source, anon_1.properties_source_url AS anon_1_properties_source_url, anon_1.properties_source_id AS anon_1_properties_source_id, anon_1.properties_verification_status AS anon_1_properties_verification_status, anon_1.properties_is_featured AS anon_1_properties_is_featured, anon_1.properties_is_active AS anon_1_properties_is_active, anon_1.properties_is_synthetic AS anon_1_properties_is_synthetic, anon_1.properties_image_urls AS anon_1_properties_image_urls, anon_1.properties_listed_at AS anon_1_properties_listed_at, anon_1.properties_created_at AS anon_1_properties_created_at, anon_1.properties_updated_at AS anon_1_properties_updated_at, amenities_1.id AS amenities_1_id, amenities_1.name AS amenities_1_name, amenities_1.category AS amenities_1_category, amenities_1.icon AS amenities_1_icon 
FROM (SELECT properties.id AS properties_id, properties.title AS properties_title, properties.description AS properties_description, properties.slug AS properties_slug, properties.price AS properties_price, properties.price_per_sqft AS properties_price_per_sqft, properties.maintenance_charge AS properties_maintenance_charge, properties.property_type AS properties_property_type, properties.listing_type AS properties_listing_type, properties.bedrooms AS properties_bedrooms, properties.bathrooms AS properties_bathrooms, properties.balconies AS properties_balconies, properties.area_sqft AS properties_area_sqft, properties.carpet_area_sqft AS properties_carpet_area_sqft, properties.floor AS properties_floor, properties.total_floors AS properties_total_floors, properties.property_age AS properties_property_age, properties.facing AS properties_facing, properties.furnishing AS properties_furnishing, properties.parking AS properties_parking, properties.construction_status AS properties_construction_status, properties.address AS properties_address, properties.locality AS properties_locality, properties.city AS properties_city, properties.state AS properties_state, properties.pincode AS properties_pincode, properties.latitude AS properties_latitude, properties.longitude AS properties_longitude, properties.builder_name AS properties_builder_name, properties.project_name AS properties_project_name, properties.source AS properties_source, properties.source_url AS properties_source_url, properties.source_id AS properties_source_id, properties.verification_status AS properties_verification_status, properties.is_featured AS properties_is_featured, properties.is_active AS properties_is_active, properties.is_synthetic AS properties_is_synthetic, properties.image_urls AS properties_image_urls, properties.listed_at AS properties_listed_at, properties.created_at AS properties_created_at, properties.updated_at AS properties_updated_at 
FROM properties 
WHERE properties.is_active = 1 AND properties.is_featured = 1 ORDER BY properties.created_at DESC
 LIMIT ? OFFSET ?) AS anon_1 LEFT OUTER JOIN (property_amenities AS property_amenities_1 JOIN amenities AS amenities_1 ON amenities_1.id = property_amenities_1.amenity_id) ON anon_1.properties_id = property_amenities_1.property_id ORDER BY anon_1.properties_created_at DESC
2026-09-09 23:34:07,611 INFO sqlalchemy.engine.Engine [cached since 523.5s ago] (6, 0)
2026-09-09 23:34:07,625 INFO sqlalchemy.engine.Engine ROLLBACK
INFO:     127.0.0.1:60781 - "GET /api/v1/properties/featured HTTP/1.1" 200 OK
2026-09-09 23:34:07,638 INFO sqlalchemy.engine.Engine BEGIN (implicit)
2026-09-09 23:34:07,640 INFO sqlalchemy.engine.Engine SELECT anon_1.properties_id AS anon_1_properties_id, anon_1.properties_title AS anon_1_properties_title, anon_1.properties_description AS anon_1_properties_description, anon_1.properties_slug AS anon_1_properties_slug, anon_1.properties_price AS anon_1_properties_price, anon_1.properties_price_per_sqft AS anon_1_properties_price_per_sqft, anon_1.properties_maintenance_charge AS anon_1_properties_maintenance_charge, anon_1.properties_property_type AS anon_1_properties_property_type, anon_1.properties_listing_type AS anon_1_properties_listing_type, anon_1.properties_bedrooms AS anon_1_properties_bedrooms, anon_1.properties_bathrooms AS anon_1_properties_bathrooms, anon_1.properties_balconies AS anon_1_properties_balconies, anon_1.properties_area_sqft AS anon_1_properties_area_sqft, anon_1.properties_carpet_area_sqft AS anon_1_properties_carpet_area_sqft, anon_1.properties_floor AS anon_1_properties_floor, anon_1.properties_total_floors AS anon_1_properties_total_floors, anon_1.properties_property_age AS anon_1_properties_property_age, anon_1.properties_facing AS anon_1_properties_facing, anon_1.properties_furnishing AS anon_1_properties_furnishing, anon_1.properties_parking AS anon_1_properties_parking, anon_1.properties_construction_status AS anon_1_properties_construction_status, anon_1.properties_address AS anon_1_properties_address, anon_1.properties_locality AS anon_1_properties_locality, anon_1.properties_city AS anon_1_properties_city, anon_1.properties_state AS anon_1_properties_state, anon_1.properties_pincode AS anon_1_properties_pincode, anon_1.properties_latitude AS anon_1_properties_latitude, anon_1.properties_longitude AS anon_1_properties_longitude, anon_1.properties_builder_name AS anon_1_properties_builder_name, anon_1.properties_project_name AS anon_1_properties_project_name, anon_1.properties_source AS anon_1_properties_source, anon_1.properties_source_url AS anon_1_properties_source_url, anon_1.properties_source_id AS anon_1_properties_source_id, anon_1.properties_verification_status AS anon_1_properties_verification_status, anon_1.properties_is_featured AS anon_1_properties_is_featured, anon_1.properties_is_active AS anon_1_properties_is_active, anon_1.properties_is_synthetic AS anon_1_properties_is_synthetic, anon_1.properties_image_urls AS anon_1_properties_image_urls, anon_1.properties_listed_at AS anon_1_properties_listed_at, anon_1.properties_created_at AS anon_1_properties_created_at, anon_1.properties_updated_at AS anon_1_properties_updated_at, amenities_1.id AS amenities_1_id, amenities_1.name AS amenities_1_name, amenities_1.category AS amenities_1_category, amenities_1.icon AS amenities_1_icon 
FROM (SELECT properties.id AS properties_id, properties.title AS properties_title, properties.description AS properties_description, properties.slug AS properties_slug, properties.price AS properties_price, properties.price_per_sqft AS properties_price_per_sqft, properties.maintenance_charge AS properties_maintenance_charge, properties.property_type AS properties_property_type, properties.listing_type AS properties_listing_type, properties.bedrooms AS properties_bedrooms, properties.bathrooms AS properties_bathrooms, properties.balconies AS properties_balconies, properties.area_sqft AS properties_area_sqft, properties.carpet_area_sqft AS properties_carpet_area_sqft, properties.floor AS properties_floor, properties.total_floors AS properties_total_floors, properties.property_age AS properties_property_age, properties.facing AS properties_facing, properties.furnishing AS properties_furnishing, properties.parking AS properties_parking, properties.construction_status AS properties_construction_status, properties.address AS properties_address, properties.locality AS properties_locality, properties.city AS properties_city, properties.state AS properties_state, properties.pincode AS properties_pincode, properties.latitude AS properties_latitude, properties.longitude AS properties_longitude, properties.builder_name AS properties_builder_name, properties.project_name AS properties_project_name, properties.source AS properties_source, properties.source_url AS properties_source_url, properties.source_id AS properties_source_id, properties.verification_status AS properties_verification_status, properties.is_featured AS properties_is_featured, properties.is_active AS properties_is_active, properties.is_synthetic AS properties_is_synthetic, properties.image_urls AS properties_image_urls, properties.listed_at AS properties_listed_at, properties.created_at AS properties_created_at, properties.updated_at AS properties_updated_at 
FROM properties 
WHERE properties.is_active = 1 AND properties.is_featured = 1 ORDER BY properties.created_at DESC
 LIMIT ? OFFSET ?) AS anon_1 LEFT OUTER JOIN (property_amenities AS property_amenities_1 JOIN amenities AS amenities_1 ON amenities_1.id = property_amenities_1.amenity_id) ON anon_1.properties_id = property_amenities_1.property_id ORDER BY anon_1.properties_created_at DESC
2026-09-09 23:34:07,642 INFO sqlalchemy.engine.Engine [cached since 523.5s ago] (6, 0)
2026-09-09 23:34:07,652 INFO sqlalchemy.engine.Engine ROLLBACK
INFO:     127.0.0.1:60781 - "GET /api/v1/properties/featured HTTP/1.1" 200 OK
2026-09-09 23:34:38,709 INFO sqlalchemy.engine.Engine BEGIN (implicit)
2026-09-09 23:34:38,713 INFO sqlalchemy.engine.Engine SELECT anon_1.properties_id AS anon_1_properties_id, anon_1.properties_title AS anon_1_properties_title, anon_1.properties_description AS anon_1_properties_description, anon_1.properties_slug AS anon_1_properties_slug, anon_1.properties_price AS anon_1_properties_price, anon_1.properties_price_per_sqft AS anon_1_properties_price_per_sqft, anon_1.properties_maintenance_charge AS anon_1_properties_maintenance_charge, anon_1.properties_property_type AS anon_1_properties_property_type, anon_1.properties_listing_type AS anon_1_properties_listing_type, anon_1.properties_bedrooms AS anon_1_properties_bedrooms, anon_1.properties_bathrooms AS anon_1_properties_bathrooms, anon_1.properties_balconies AS anon_1_properties_balconies, anon_1.properties_area_sqft AS anon_1_properties_area_sqft, anon_1.properties_carpet_area_sqft AS anon_1_properties_carpet_area_sqft, anon_1.properties_floor AS anon_1_properties_floor, anon_1.properties_total_floors AS anon_1_properties_total_floors, anon_1.properties_property_age AS anon_1_properties_property_age, anon_1.properties_facing AS anon_1_properties_facing, anon_1.properties_furnishing AS anon_1_properties_furnishing, anon_1.properties_parking AS anon_1_properties_parking, anon_1.properties_construction_status AS anon_1_properties_construction_status, anon_1.properties_address AS anon_1_properties_address, anon_1.properties_locality AS anon_1_properties_locality, anon_1.properties_city AS anon_1_properties_city, anon_1.properties_state AS anon_1_properties_state, anon_1.properties_pincode AS anon_1_properties_pincode, anon_1.properties_latitude AS anon_1_properties_latitude, anon_1.properties_longitude AS anon_1_properties_longitude, anon_1.properties_builder_name AS anon_1_properties_builder_name, anon_1.properties_project_name AS anon_1_properties_project_name, anon_1.properties_source AS anon_1_properties_source, anon_1.properties_source_url AS anon_1_properties_source_url, anon_1.properties_source_id AS anon_1_properties_source_id, anon_1.properties_verification_status AS anon_1_properties_verification_status, anon_1.properties_is_featured AS anon_1_properties_is_featured, anon_1.properties_is_active AS anon_1_properties_is_active, anon_1.properties_is_synthetic AS anon_1_properties_is_synthetic, anon_1.properties_image_urls AS anon_1_properties_image_urls, anon_1.properties_listed_at AS anon_1_properties_listed_at, anon_1.properties_created_at AS anon_1_properties_created_at, anon_1.properties_updated_at AS anon_1_properties_updated_at, amenities_1.id AS amenities_1_id, amenities_1.name AS amenities_1_name, amenities_1.category AS amenities_1_category, amenities_1.icon AS amenities_1_icon 
FROM (SELECT properties.id AS properties_id, properties.title AS properties_title, properties.description AS properties_description, properties.slug AS properties_slug, properties.price AS properties_price, properties.price_per_sqft AS properties_price_per_sqft, properties.maintenance_charge AS properties_maintenance_charge, properties.property_type AS properties_property_type, properties.listing_type AS properties_listing_type, properties.bedrooms AS properties_bedrooms, properties.bathrooms AS properties_bathrooms, properties.balconies AS properties_balconies, properties.area_sqft AS properties_area_sqft, properties.carpet_area_sqft AS properties_carpet_area_sqft, properties.floor AS properties_floor, properties.total_floors AS properties_total_floors, properties.property_age AS properties_property_age, properties.facing AS properties_facing, properties.furnishing AS properties_furnishing, properties.parking AS properties_parking, properties.construction_status AS properties_construction_status, properties.address AS properties_address, properties.locality AS properties_locality, properties.city AS properties_city, properties.state AS properties_state, properties.pincode AS properties_pincode, properties.latitude AS properties_latitude, properties.longitude AS properties_longitude, properties.builder_name AS properties_builder_name, properties.project_name AS properties_project_name, properties.source AS properties_source, properties.source_url AS properties_source_url, properties.source_id AS properties_source_id, properties.verification_status AS properties_verification_status, properties.is_featured AS properties_is_featured, properties.is_active AS properties_is_active, properties.is_synthetic AS properties_is_synthetic, properties.image_urls AS properties_image_urls, properties.listed_at AS properties_listed_at, properties.created_at AS properties_created_at, properties.updated_at AS properties_updated_at 
FROM properties 
WHERE properties.is_active = 1 AND properties.is_featured = 1 ORDER BY properties.created_at DESC
 LIMIT ? OFFSET ?) AS anon_1 LEFT OUTER JOIN (property_amenities AS property_amenities_1 JOIN amenities AS amenities_1 ON amenities_1.id = property_amenities_1.amenity_id) ON anon_1.properties_id = property_amenities_1.property_id ORDER BY anon_1.properties_created_at DESC
2026-09-09 23:34:38,714 INFO sqlalchemy.engine.Engine [cached since 554.6s ago] (6, 0)
2026-09-09 23:34:38,721 INFO sqlalchemy.engine.Engine ROLLBACK
INFO:     127.0.0.1:63985 - "GET /api/v1/properties/featured HTTP/1.1" 200 OK
2026-09-09 23:34:38,727 INFO sqlalchemy.engine.Engine BEGIN (implicit)
2026-09-09 23:34:38,729 INFO sqlalchemy.engine.Engine SELECT anon_1.properties_id AS anon_1_properties_id, anon_1.properties_title AS anon_1_properties_title, anon_1.properties_description AS anon_1_properties_description, anon_1.properties_slug AS anon_1_properties_slug, anon_1.properties_price AS anon_1_properties_price, anon_1.properties_price_per_sqft AS anon_1_properties_price_per_sqft, anon_1.properties_maintenance_charge AS anon_1_properties_maintenance_charge, anon_1.properties_property_type AS anon_1_properties_property_type, anon_1.properties_listing_type AS anon_1_properties_listing_type, anon_1.properties_bedrooms AS anon_1_properties_bedrooms, anon_1.properties_bathrooms AS anon_1_properties_bathrooms, anon_1.properties_balconies AS anon_1_properties_balconies, anon_1.properties_area_sqft AS anon_1_properties_area_sqft, anon_1.properties_carpet_area_sqft AS anon_1_properties_carpet_area_sqft, anon_1.properties_floor AS anon_1_properties_floor, anon_1.properties_total_floors AS anon_1_properties_total_floors, anon_1.properties_property_age AS anon_1_properties_property_age, anon_1.properties_facing AS anon_1_properties_facing, anon_1.properties_furnishing AS anon_1_properties_furnishing, anon_1.properties_parking AS anon_1_properties_parking, anon_1.properties_construction_status AS anon_1_properties_construction_status, anon_1.properties_address AS anon_1_properties_address, anon_1.properties_locality AS anon_1_properties_locality, anon_1.properties_city AS anon_1_properties_city, anon_1.properties_state AS anon_1_properties_state, anon_1.properties_pincode AS anon_1_properties_pincode, anon_1.properties_latitude AS anon_1_properties_latitude, anon_1.properties_longitude AS anon_1_properties_longitude, anon_1.properties_builder_name AS anon_1_properties_builder_name, anon_1.properties_project_name AS anon_1_properties_project_name, anon_1.properties_source AS anon_1_properties_source, anon_1.properties_source_url AS anon_1_properties_source_url, anon_1.properties_source_id AS anon_1_properties_source_id, anon_1.properties_verification_status AS anon_1_properties_verification_status, anon_1.properties_is_featured AS anon_1_properties_is_featured, anon_1.properties_is_active AS anon_1_properties_is_active, anon_1.properties_is_synthetic AS anon_1_properties_is_synthetic, anon_1.properties_image_urls AS anon_1_properties_image_urls, anon_1.properties_listed_at AS anon_1_properties_listed_at, anon_1.properties_created_at AS anon_1_properties_created_at, anon_1.properties_updated_at AS anon_1_properties_updated_at, amenities_1.id AS amenities_1_id, amenities_1.name AS amenities_1_name, amenities_1.category AS amenities_1_category, amenities_1.icon AS amenities_1_icon 
FROM (SELECT properties.id AS properties_id, properties.title AS properties_title, properties.description AS properties_description, properties.slug AS properties_slug, properties.price AS properties_price, properties.price_per_sqft AS properties_price_per_sqft, properties.maintenance_charge AS properties_maintenance_charge, properties.property_type AS properties_property_type, properties.listing_type AS properties_listing_type, properties.bedrooms AS properties_bedrooms, properties.bathrooms AS properties_bathrooms, properties.balconies AS properties_balconies, properties.area_sqft AS properties_area_sqft, properties.carpet_area_sqft AS properties_carpet_area_sqft, properties.floor AS properties_floor, properties.total_floors AS properties_total_floors, properties.property_age AS properties_property_age, properties.facing AS properties_facing, properties.furnishing AS properties_furnishing, properties.parking AS properties_parking, properties.construction_status AS properties_construction_status, properties.address AS properties_address, properties.locality AS properties_locality, properties.city AS properties_city, properties.state AS properties_state, properties.pincode AS properties_pincode, properties.latitude AS properties_latitude, properties.longitude AS properties_longitude, properties.builder_name AS properties_builder_name, properties.project_name AS properties_project_name, properties.source AS properties_source, properties.source_url AS properties_source_url, properties.source_id AS properties_source_id, properties.verification_status AS properties_verification_status, properties.is_featured AS properties_is_featured, properties.is_active AS properties_is_active, properties.is_synthetic AS properties_is_synthetic, properties.image_urls AS properties_image_urls, properties.listed_at AS properties_listed_at, properties.created_at AS properties_created_at, properties.updated_at AS properties_updated_at 
FROM properties 
WHERE properties.is_active = 1 AND properties.is_featured = 1 ORDER BY properties.created_at DESC
 LIMIT ? OFFSET ?) AS anon_1 LEFT OUTER JOIN (property_amenities AS property_amenities_1 JOIN amenities AS amenities_1 ON amenities_1.id = property_amenities_1.amenity_id) ON anon_1.properties_id = property_amenities_1.property_id ORDER BY anon_1.properties_created_at DESC
2026-09-09 23:34:38,731 INFO sqlalchemy.engine.Engine [cached since 554.6s ago] (6, 0)
2026-09-09 23:34:38,738 INFO sqlalchemy.engine.Engine ROLLBACK
INFO:     127.0.0.1:62391 - "GET /api/v1/properties/featured HTTP/1.1" 200 OK
INFO:     127.0.0.1:49966 - "GET /api/v1/health HTTP/1.1" 200 OK
INFO:     127.0.0.1:59944 - "OPTIONS /api/v1/properties/featured HTTP/1.1" 200 OK
INFO:     127.0.0.1:64393 - "OPTIONS /api/v1/properties/featured HTTP/1.1" 200 OK
2026-09-09 23:37:22,925 INFO sqlalchemy.engine.Engine BEGIN (implicit)
2026-09-09 23:37:22,927 INFO sqlalchemy.engine.Engine SELECT anon_1.properties_id AS anon_1_properties_id, anon_1.properties_title AS anon_1_properties_title, anon_1.properties_description AS anon_1_properties_description, anon_1.properties_slug AS anon_1_properties_slug, anon_1.properties_price AS anon_1_properties_price, anon_1.properties_price_per_sqft AS anon_1_properties_price_per_sqft, anon_1.properties_maintenance_charge AS anon_1_properties_maintenance_charge, anon_1.properties_property_type AS anon_1_properties_property_type, anon_1.properties_listing_type AS anon_1_properties_listing_type, anon_1.properties_bedrooms AS anon_1_properties_bedrooms, anon_1.properties_bathrooms AS anon_1_properties_bathrooms, anon_1.properties_balconies AS anon_1_properties_balconies, anon_1.properties_area_sqft AS anon_1_properties_area_sqft, anon_1.properties_carpet_area_sqft AS anon_1_properties_carpet_area_sqft, anon_1.properties_floor AS anon_1_properties_floor, anon_1.properties_total_floors AS anon_1_properties_total_floors, anon_1.properties_property_age AS anon_1_properties_property_age, anon_1.properties_facing AS anon_1_properties_facing, anon_1.properties_furnishing AS anon_1_properties_furnishing, anon_1.properties_parking AS anon_1_properties_parking, anon_1.properties_construction_status AS anon_1_properties_construction_status, anon_1.properties_address AS anon_1_properties_address, anon_1.properties_locality AS anon_1_properties_locality, anon_1.properties_city AS anon_1_properties_city, anon_1.properties_state AS anon_1_properties_state, anon_1.properties_pincode AS anon_1_properties_pincode, anon_1.properties_latitude AS anon_1_properties_latitude, anon_1.properties_longitude AS anon_1_properties_longitude, anon_1.properties_builder_name AS anon_1_properties_builder_name, anon_1.properties_project_name AS anon_1_properties_project_name, anon_1.properties_source AS anon_1_properties_source, anon_1.properties_source_url AS anon_1_properties_source_url, anon_1.properties_source_id AS anon_1_properties_source_id, anon_1.properties_verification_status AS anon_1_properties_verification_status, anon_1.properties_is_featured AS anon_1_properties_is_featured, anon_1.properties_is_active AS anon_1_properties_is_active, anon_1.properties_is_synthetic AS anon_1_properties_is_synthetic, anon_1.properties_image_urls AS anon_1_properties_image_urls, anon_1.properties_listed_at AS anon_1_properties_listed_at, anon_1.properties_created_at AS anon_1_properties_created_at, anon_1.properties_updated_at AS anon_1_properties_updated_at, amenities_1.id AS amenities_1_id, amenities_1.name AS amenities_1_name, amenities_1.category AS amenities_1_category, amenities_1.icon AS amenities_1_icon 
FROM (SELECT properties.id AS properties_id, properties.title AS properties_title, properties.description AS properties_description, properties.slug AS properties_slug, properties.price AS properties_price, properties.price_per_sqft AS properties_price_per_sqft, properties.maintenance_charge AS properties_maintenance_charge, properties.property_type AS properties_property_type, properties.listing_type AS properties_listing_type, properties.bedrooms AS properties_bedrooms, properties.bathrooms AS properties_bathrooms, properties.balconies AS properties_balconies, properties.area_sqft AS properties_area_sqft, properties.carpet_area_sqft AS properties_carpet_area_sqft, properties.floor AS properties_floor, properties.total_floors AS properties_total_floors, properties.property_age AS properties_property_age, properties.facing AS properties_facing, properties.furnishing AS properties_furnishing, properties.parking AS properties_parking, properties.construction_status AS properties_construction_status, properties.address AS properties_address, properties.locality AS properties_locality, properties.city AS properties_city, properties.state AS properties_state, properties.pincode AS properties_pincode, properties.latitude AS properties_latitude, properties.longitude AS properties_longitude, properties.builder_name AS properties_builder_name, properties.project_name AS properties_project_name, properties.source AS properties_source, properties.source_url AS properties_source_url, properties.source_id AS properties_source_id, properties.verification_status AS properties_verification_status, properties.is_featured AS properties_is_featured, properties.is_active AS properties_is_active, properties.is_synthetic AS properties_is_synthetic, properties.image_urls AS properties_image_urls, properties.listed_at AS properties_listed_at, properties.created_at AS properties_created_at, properties.updated_at AS properties_updated_at 
FROM properties 
WHERE properties.is_active = 1 AND properties.is_featured = 1 ORDER BY properties.created_at DESC
 LIMIT ? OFFSET ?) AS anon_1 LEFT OUTER JOIN (property_amenities AS property_amenities_1 JOIN amenities AS amenities_1 ON amenities_1.id = property_amenities_1.amenity_id) ON anon_1.properties_id = property_amenities_1.property_id ORDER BY anon_1.properties_created_at DESC
2026-09-09 23:37:22,928 INFO sqlalchemy.engine.Engine [cached since 718.8s ago] (6, 0)
2026-09-09 23:37:22,937 INFO sqlalchemy.engine.Engine ROLLBACK
INFO:     127.0.0.1:64393 - "GET /api/v1/properties/featured HTTP/1.1" 200 OK
2026-09-09 23:37:22,941 INFO sqlalchemy.engine.Engine BEGIN (implicit)
2026-09-09 23:37:22,943 INFO sqlalchemy.engine.Engine SELECT anon_1.properties_id AS anon_1_properties_id, anon_1.properties_title AS anon_1_properties_title, anon_1.properties_description AS anon_1_properties_description, anon_1.properties_slug AS anon_1_properties_slug, anon_1.properties_price AS anon_1_properties_price, anon_1.properties_price_per_sqft AS anon_1_properties_price_per_sqft, anon_1.properties_maintenance_charge AS anon_1_properties_maintenance_charge, anon_1.properties_property_type AS anon_1_properties_property_type, anon_1.properties_listing_type AS anon_1_properties_listing_type, anon_1.properties_bedrooms AS anon_1_properties_bedrooms, anon_1.properties_bathrooms AS anon_1_properties_bathrooms, anon_1.properties_balconies AS anon_1_properties_balconies, anon_1.properties_area_sqft AS anon_1_properties_area_sqft, anon_1.properties_carpet_area_sqft AS anon_1_properties_carpet_area_sqft, anon_1.properties_floor AS anon_1_properties_floor, anon_1.properties_total_floors AS anon_1_properties_total_floors, anon_1.properties_property_age AS anon_1_properties_property_age, anon_1.properties_facing AS anon_1_properties_facing, anon_1.properties_furnishing AS anon_1_properties_furnishing, anon_1.properties_parking AS anon_1_properties_parking, anon_1.properties_construction_status AS anon_1_properties_construction_status, anon_1.properties_address AS anon_1_properties_address, anon_1.properties_locality AS anon_1_properties_locality, anon_1.properties_city AS anon_1_properties_city, anon_1.properties_state AS anon_1_properties_state, anon_1.properties_pincode AS anon_1_properties_pincode, anon_1.properties_latitude AS anon_1_properties_latitude, anon_1.properties_longitude AS anon_1_properties_longitude, anon_1.properties_builder_name AS anon_1_properties_builder_name, anon_1.properties_project_name AS anon_1_properties_project_name, anon_1.properties_source AS anon_1_properties_source, anon_1.properties_source_url AS anon_1_properties_source_url, anon_1.properties_source_id AS anon_1_properties_source_id, anon_1.properties_verification_status AS anon_1_properties_verification_status, anon_1.properties_is_featured AS anon_1_properties_is_featured, anon_1.properties_is_active AS anon_1_properties_is_active, anon_1.properties_is_synthetic AS anon_1_properties_is_synthetic, anon_1.properties_image_urls AS anon_1_properties_image_urls, anon_1.properties_listed_at AS anon_1_properties_listed_at, anon_1.properties_created_at AS anon_1_properties_created_at, anon_1.properties_updated_at AS anon_1_properties_updated_at, amenities_1.id AS amenities_1_id, amenities_1.name AS amenities_1_name, amenities_1.category AS amenities_1_category, amenities_1.icon AS amenities_1_icon 
FROM (SELECT properties.id AS properties_id, properties.title AS properties_title, properties.description AS properties_description, properties.slug AS properties_slug, properties.price AS properties_price, properties.price_per_sqft AS properties_price_per_sqft, properties.maintenance_charge AS properties_maintenance_charge, properties.property_type AS properties_property_type, properties.listing_type AS properties_listing_type, properties.bedrooms AS properties_bedrooms, properties.bathrooms AS properties_bathrooms, properties.balconies AS properties_balconies, properties.area_sqft AS properties_area_sqft, properties.carpet_area_sqft AS properties_carpet_area_sqft, properties.floor AS properties_floor, properties.total_floors AS properties_total_floors, properties.property_age AS properties_property_age, properties.facing AS properties_facing, properties.furnishing AS properties_furnishing, properties.parking AS properties_parking, properties.construction_status AS properties_construction_status, properties.address AS properties_address, properties.locality AS properties_locality, properties.city AS properties_city, properties.state AS properties_state, properties.pincode AS properties_pincode, properties.latitude AS properties_latitude, properties.longitude AS properties_longitude, properties.builder_name AS properties_builder_name, properties.project_name AS properties_project_name, properties.source AS properties_source, properties.source_url AS properties_source_url, properties.source_id AS properties_source_id, properties.verification_status AS properties_verification_status, properties.is_featured AS properties_is_featured, properties.is_active AS properties_is_active, properties.is_synthetic AS properties_is_synthetic, properties.image_urls AS properties_image_urls, properties.listed_at AS properties_listed_at, properties.created_at AS properties_created_at, properties.updated_at AS properties_updated_at 
FROM properties 
WHERE properties.is_active = 1 AND properties.is_featured = 1 ORDER BY properties.created_at DESC
 LIMIT ? OFFSET ?) AS anon_1 LEFT OUTER JOIN (property_amenities AS property_amenities_1 JOIN amenities AS amenities_1 ON amenities_1.id = property_amenities_1.amenity_id) ON anon_1.properties_id = property_amenities_1.property_id ORDER BY anon_1.properties_created_at DESC
2026-09-09 23:37:22,945 INFO sqlalchemy.engine.Engine [cached since 718.8s ago] (6, 0)
2026-09-09 23:37:22,953 INFO sqlalchemy.engine.Engine ROLLBACK
INFO:     127.0.0.1:59944 - "GET /api/v1/properties/featured HTTP/1.1" 200 OK
2026-09-09 23:38:14,940 INFO sqlalchemy.engine.Engine BEGIN (implicit)
2026-09-09 23:38:14,942 INFO sqlalchemy.engine.Engine SELECT anon_1.properties_id AS anon_1_properties_id, anon_1.properties_title AS anon_1_properties_title, anon_1.properties_description AS anon_1_properties_description, anon_1.properties_slug AS anon_1_properties_slug, anon_1.properties_price AS anon_1_properties_price, anon_1.properties_price_per_sqft AS anon_1_properties_price_per_sqft, anon_1.properties_maintenance_charge AS anon_1_properties_maintenance_charge, anon_1.properties_property_type AS anon_1_properties_property_type, anon_1.properties_listing_type AS anon_1_properties_listing_type, anon_1.properties_bedrooms AS anon_1_properties_bedrooms, anon_1.properties_bathrooms AS anon_1_properties_bathrooms, anon_1.properties_balconies AS anon_1_properties_balconies, anon_1.properties_area_sqft AS anon_1_properties_area_sqft, anon_1.properties_carpet_area_sqft AS anon_1_properties_carpet_area_sqft, anon_1.properties_floor AS anon_1_properties_floor, anon_1.properties_total_floors AS anon_1_properties_total_floors, anon_1.properties_property_age AS anon_1_properties_property_age, anon_1.properties_facing AS anon_1_properties_facing, anon_1.properties_furnishing AS anon_1_properties_furnishing, anon_1.properties_parking AS anon_1_properties_parking, anon_1.properties_construction_status AS anon_1_properties_construction_status, anon_1.properties_address AS anon_1_properties_address, anon_1.properties_locality AS anon_1_properties_locality, anon_1.properties_city AS anon_1_properties_city, anon_1.properties_state AS anon_1_properties_state, anon_1.properties_pincode AS anon_1_properties_pincode, anon_1.properties_latitude AS anon_1_properties_latitude, anon_1.properties_longitude AS anon_1_properties_longitude, anon_1.properties_builder_name AS anon_1_properties_builder_name, anon_1.properties_project_name AS anon_1_properties_project_name, anon_1.properties_source AS anon_1_properties_source, anon_1.properties_source_url AS anon_1_properties_source_url, anon_1.properties_source_id AS anon_1_properties_source_id, anon_1.properties_verification_status AS anon_1_properties_verification_status, anon_1.properties_is_featured AS anon_1_properties_is_featured, anon_1.properties_is_active AS anon_1_properties_is_active, anon_1.properties_is_synthetic AS anon_1_properties_is_synthetic, anon_1.properties_image_urls AS anon_1_properties_image_urls, anon_1.properties_listed_at AS anon_1_properties_listed_at, anon_1.properties_created_at AS anon_1_properties_created_at, anon_1.properties_updated_at AS anon_1_properties_updated_at, amenities_1.id AS amenities_1_id, amenities_1.name AS amenities_1_name, amenities_1.category AS amenities_1_category, amenities_1.icon AS amenities_1_icon 
FROM (SELECT properties.id AS properties_id, properties.title AS properties_title, properties.description AS properties_description, properties.slug AS properties_slug, properties.price AS properties_price, properties.price_per_sqft AS properties_price_per_sqft, properties.maintenance_charge AS properties_maintenance_charge, properties.property_type AS properties_property_type, properties.listing_type AS properties_listing_type, properties.bedrooms AS properties_bedrooms, properties.bathrooms AS properties_bathrooms, properties.balconies AS properties_balconies, properties.area_sqft AS properties_area_sqft, properties.carpet_area_sqft AS properties_carpet_area_sqft, properties.floor AS properties_floor, properties.total_floors AS properties_total_floors, properties.property_age AS properties_property_age, properties.facing AS properties_facing, properties.furnishing AS properties_furnishing, properties.parking AS properties_parking, properties.construction_status AS properties_construction_status, properties.address AS properties_address, properties.locality AS properties_locality, properties.city AS properties_city, properties.state AS properties_state, properties.pincode AS properties_pincode, properties.latitude AS properties_latitude, properties.longitude AS properties_longitude, properties.builder_name AS properties_builder_name, properties.project_name AS properties_project_name, properties.source AS properties_source, properties.source_url AS properties_source_url, properties.source_id AS properties_source_id, properties.verification_status AS properties_verification_status, properties.is_featured AS properties_is_featured, properties.is_active AS properties_is_active, properties.is_synthetic AS properties_is_synthetic, properties.image_urls AS properties_image_urls, properties.listed_at AS properties_listed_at, properties.created_at AS properties_created_at, properties.updated_at AS properties_updated_at 
FROM properties 
WHERE properties.is_active = 1 AND properties.is_featured = 1 ORDER BY properties.created_at DESC
 LIMIT ? OFFSET ?) AS anon_1 LEFT OUTER JOIN (property_amenities AS property_amenities_1 JOIN amenities AS amenities_1 ON amenities_1.id = property_amenities_1.amenity_id) ON anon_1.properties_id = property_amenities_1.property_id ORDER BY anon_1.properties_created_at DESC
2026-09-09 23:38:14,943 INFO sqlalchemy.engine.Engine [cached since 770.8s ago] (6, 0)
2026-09-09 23:38:14,947 INFO sqlalchemy.engine.Engine ROLLBACK
INFO:     127.0.0.1:60571 - "GET /api/v1/properties/featured HTTP/1.1" 200 OK
2026-09-09 23:38:14,952 INFO sqlalchemy.engine.Engine BEGIN (implicit)
2026-09-09 23:38:14,952 INFO sqlalchemy.engine.Engine SELECT anon_1.properties_id AS anon_1_properties_id, anon_1.properties_title AS anon_1_properties_title, anon_1.properties_description AS anon_1_properties_description, anon_1.properties_slug AS anon_1_properties_slug, anon_1.properties_price AS anon_1_properties_price, anon_1.properties_price_per_sqft AS anon_1_properties_price_per_sqft, anon_1.properties_maintenance_charge AS anon_1_properties_maintenance_charge, anon_1.properties_property_type AS anon_1_properties_property_type, anon_1.properties_listing_type AS anon_1_properties_listing_type, anon_1.properties_bedrooms AS anon_1_properties_bedrooms, anon_1.properties_bathrooms AS anon_1_properties_bathrooms, anon_1.properties_balconies AS anon_1_properties_balconies, anon_1.properties_area_sqft AS anon_1_properties_area_sqft, anon_1.properties_carpet_area_sqft AS anon_1_properties_carpet_area_sqft, anon_1.properties_floor AS anon_1_properties_floor, anon_1.properties_total_floors AS anon_1_properties_total_floors, anon_1.properties_property_age AS anon_1_properties_property_age, anon_1.properties_facing AS anon_1_properties_facing, anon_1.properties_furnishing AS anon_1_properties_furnishing, anon_1.properties_parking AS anon_1_properties_parking, anon_1.properties_construction_status AS anon_1_properties_construction_status, anon_1.properties_address AS anon_1_properties_address, anon_1.properties_locality AS anon_1_properties_locality, anon_1.properties_city AS anon_1_properties_city, anon_1.properties_state AS anon_1_properties_state, anon_1.properties_pincode AS anon_1_properties_pincode, anon_1.properties_latitude AS anon_1_properties_latitude, anon_1.properties_longitude AS anon_1_properties_longitude, anon_1.properties_builder_name AS anon_1_properties_builder_name, anon_1.properties_project_name AS anon_1_properties_project_name, anon_1.properties_source AS anon_1_properties_source, anon_1.properties_source_url AS anon_1_properties_source_url, anon_1.properties_source_id AS anon_1_properties_source_id, anon_1.properties_verification_status AS anon_1_properties_verification_status, anon_1.properties_is_featured AS anon_1_properties_is_featured, anon_1.properties_is_active AS anon_1_properties_is_active, anon_1.properties_is_synthetic AS anon_1_properties_is_synthetic, anon_1.properties_image_urls AS anon_1_properties_image_urls, anon_1.properties_listed_at AS anon_1_properties_listed_at, anon_1.properties_created_at AS anon_1_properties_created_at, anon_1.properties_updated_at AS anon_1_properties_updated_at, amenities_1.id AS amenities_1_id, amenities_1.name AS amenities_1_name, amenities_1.category AS amenities_1_category, amenities_1.icon AS amenities_1_icon 
FROM (SELECT properties.id AS properties_id, properties.title AS properties_title, properties.description AS properties_description, properties.slug AS properties_slug, properties.price AS properties_price, properties.price_per_sqft AS properties_price_per_sqft, properties.maintenance_charge AS properties_maintenance_charge, properties.property_type AS properties_property_type, properties.listing_type AS properties_listing_type, properties.bedrooms AS properties_bedrooms, properties.bathrooms AS properties_bathrooms, properties.balconies AS properties_balconies, properties.area_sqft AS properties_area_sqft, properties.carpet_area_sqft AS properties_carpet_area_sqft, properties.floor AS properties_floor, properties.total_floors AS properties_total_floors, properties.property_age AS properties_property_age, properties.facing AS properties_facing, properties.furnishing AS properties_furnishing, properties.parking AS properties_parking, properties.construction_status AS properties_construction_status, properties.address AS properties_address, properties.locality AS properties_locality, properties.city AS properties_city, properties.state AS properties_state, properties.pincode AS properties_pincode, properties.latitude AS properties_latitude, properties.longitude AS properties_longitude, properties.builder_name AS properties_builder_name, properties.project_name AS properties_project_name, properties.source AS properties_source, properties.source_url AS properties_source_url, properties.source_id AS properties_source_id, properties.verification_status AS properties_verification_status, properties.is_featured AS properties_is_featured, properties.is_active AS properties_is_active, properties.is_synthetic AS properties_is_synthetic, properties.image_urls AS properties_image_urls, properties.listed_at AS properties_listed_at, properties.created_at AS properties_created_at, properties.updated_at AS properties_updated_at 
FROM properties 
WHERE properties.is_active = 1 AND properties.is_featured = 1 ORDER BY properties.created_at DESC
 LIMIT ? OFFSET ?) AS anon_1 LEFT OUTER JOIN (property_amenities AS property_amenities_1 JOIN amenities AS amenities_1 ON amenities_1.id = property_amenities_1.amenity_id) ON anon_1.properties_id = property_amenities_1.property_id ORDER BY anon_1.properties_created_at DESC
2026-09-09 23:38:14,953 INFO sqlalchemy.engine.Engine [cached since 770.8s ago] (6, 0)
2026-09-09 23:38:14,956 INFO sqlalchemy.engine.Engine ROLLBACK
INFO:     127.0.0.1:60571 - "GET /api/v1/properties/featured HTTP/1.1" 200 OK
INFO:     127.0.0.1:51609 - "OPTIONS /api/v1/auth/login HTTP/1.1" 200 OK
2026-09-09 23:38:39,251 INFO sqlalchemy.engine.Engine BEGIN (implicit)
2026-09-09 23:38:39,252 INFO sqlalchemy.engine.Engine SELECT users.id AS users_id, users.email AS users_email, users.full_name AS users_full_name, users.hashed_password AS users_hashed_password, users.phone AS users_phone, users.role AS users_role, users.is_active AS users_is_active, users.is_email_verified AS users_is_email_verified, users.preferred_cities AS users_preferred_cities, users.budget_min AS users_budget_min, users.budget_max AS users_budget_max, users.created_at AS users_created_at, users.updated_at AS users_updated_at 
FROM users 
WHERE users.email = ?
 LIMIT ? OFFSET ?
2026-09-09 23:38:39,253 INFO sqlalchemy.engine.Engine [cached since 885.2s ago] ('admin@realestate-gpt.com', 1, 0)
2026-09-09 23:38:39,573 INFO sqlalchemy.engine.Engine ROLLBACK
INFO:     127.0.0.1:51609 - "POST /api/v1/auth/login HTTP/1.1" 200 OK
INFO:     127.0.0.1:50904 - "OPTIONS /api/v1/ai/assistant HTTP/1.1" 200 OK
2026-09-09 23:38:46,621 INFO sqlalchemy.engine.Engine BEGIN (implicit)
2026-09-09 23:38:46,623 INFO sqlalchemy.engine.Engine SELECT users.id AS users_id, users.email AS users_email, users.full_name AS users_full_name, users.hashed_password AS users_hashed_password, users.phone AS users_phone, users.role AS users_role, users.is_active AS users_is_active, users.is_email_verified AS users_is_email_verified, users.preferred_cities AS users_preferred_cities, users.budget_min AS users_budget_min, users.budget_max AS users_budget_max, users.created_at AS users_created_at, users.updated_at AS users_updated_at 
FROM users 
WHERE users.id = ?
 LIMIT ? OFFSET ?
2026-09-09 23:38:46,625 INFO sqlalchemy.engine.Engine [cached since 891.9s ago] (1, 1, 0)
2026-09-09 23:38:46,628 INFO sqlalchemy.engine.Engine INSERT INTO conversations (user_id, title, property_id) VALUES (?, ?, ?) RETURNING id, created_at, updated_at
2026-09-09 23:38:46,629 INFO sqlalchemy.engine.Engine [cached since 891.7s ago] (1, 'Find an investment property with good rental potential', None)
2026-09-09 23:38:46,631 INFO sqlalchemy.engine.Engine COMMIT
2026-09-09 23:38:46,634 INFO sqlalchemy.engine.Engine BEGIN (implicit)
2026-09-09 23:38:46,635 INFO sqlalchemy.engine.Engine SELECT conversations.id, conversations.user_id, conversations.title, conversations.property_id, conversations.created_at, conversations.updated_at 
FROM conversations 
WHERE conversations.id = ?
2026-09-09 23:38:46,636 INFO sqlalchemy.engine.Engine [cached since 891.7s ago] (4,)
2026-09-09 23:38:46,637 INFO sqlalchemy.engine.Engine INSERT INTO messages (conversation_id, role, content, meta_json) VALUES (?, ?, ?, ?) RETURNING id, created_at
2026-09-09 23:38:46,639 INFO sqlalchemy.engine.Engine [cached since 891.7s ago] (4, 'user', 'Find an investment property with good rental potential', 'null')
2026-09-09 23:38:46,641 INFO sqlalchemy.engine.Engine COMMIT
2026-09-09 23:38:46,643 INFO sqlalchemy.engine.Engine BEGIN (implicit)
2026-09-09 23:38:46,644 INFO sqlalchemy.engine.Engine SELECT messages.id, messages.conversation_id, messages.role, messages.content, messages.meta_json, messages.created_at 
FROM messages 
WHERE messages.id = ?
2026-09-09 23:38:46,645 INFO sqlalchemy.engine.Engine [cached since 891.7s ago] (7,)
2026-09-09 23:38:46,647 INFO sqlalchemy.engine.Engine SELECT conversations.id AS conversations_id, conversations.user_id AS conversations_user_id, conversations.title AS conversations_title, conversations.property_id AS conversations_property_id, conversations.created_at AS conversations_created_at, conversations.updated_at AS conversations_updated_at 
FROM conversations 
WHERE conversations.id = ?
 LIMIT ? OFFSET ?
2026-09-09 23:38:46,647 INFO sqlalchemy.engine.Engine [cached since 891.7s ago] (4, 1, 0)
2026-09-09 23:38:46,649 INFO sqlalchemy.engine.Engine UPDATE conversations SET updated_at=CURRENT_TIMESTAMP WHERE conversations.id = ?
2026-09-09 23:38:46,649 INFO sqlalchemy.engine.Engine [cached since 891.7s ago] (4,)
2026-09-09 23:38:46,650 INFO sqlalchemy.engine.Engine COMMIT
2026-09-09 23:38:46,652 INFO sqlalchemy.engine.Engine BEGIN (implicit)
2026-09-09 23:38:46,653 INFO sqlalchemy.engine.Engine SELECT count(properties.id) AS count_1 
FROM properties 
WHERE properties.is_active = 1 AND properties.listing_type = ?
2026-09-09 23:38:46,654 INFO sqlalchemy.engine.Engine [generated in 0.00053s] ('rent',)
2026-09-09 23:38:46,660 INFO sqlalchemy.engine.Engine SELECT anon_1.properties_id AS anon_1_properties_id, anon_1.properties_title AS anon_1_properties_title, anon_1.properties_description AS anon_1_properties_description, anon_1.properties_slug AS anon_1_properties_slug, anon_1.properties_price AS anon_1_properties_price, anon_1.properties_price_per_sqft AS anon_1_properties_price_per_sqft, anon_1.properties_maintenance_charge AS anon_1_properties_maintenance_charge, anon_1.properties_property_type AS anon_1_properties_property_type, anon_1.properties_listing_type AS anon_1_properties_listing_type, anon_1.properties_bedrooms AS anon_1_properties_bedrooms, anon_1.properties_bathrooms AS anon_1_properties_bathrooms, anon_1.properties_balconies AS anon_1_properties_balconies, anon_1.properties_area_sqft AS anon_1_properties_area_sqft, anon_1.properties_carpet_area_sqft AS anon_1_properties_carpet_area_sqft, anon_1.properties_floor AS anon_1_properties_floor, anon_1.properties_total_floors AS anon_1_properties_total_floors, anon_1.properties_property_age AS anon_1_properties_property_age, anon_1.properties_facing AS anon_1_properties_facing, anon_1.properties_furnishing AS anon_1_properties_furnishing, anon_1.properties_parking AS anon_1_properties_parking, anon_1.properties_construction_status AS anon_1_properties_construction_status, anon_1.properties_address AS anon_1_properties_address, anon_1.properties_locality AS anon_1_properties_locality, anon_1.properties_city AS anon_1_properties_city, anon_1.properties_state AS anon_1_properties_state, anon_1.properties_pincode AS anon_1_properties_pincode, anon_1.properties_latitude AS anon_1_properties_latitude, anon_1.properties_longitude AS anon_1_properties_longitude, anon_1.properties_builder_name AS anon_1_properties_builder_name, anon_1.properties_project_name AS anon_1_properties_project_name, anon_1.properties_source AS anon_1_properties_source, anon_1.properties_source_url AS anon_1_properties_source_url, anon_1.properties_source_id AS anon_1_properties_source_id, anon_1.properties_verification_status AS anon_1_properties_verification_status, anon_1.properties_is_featured AS anon_1_properties_is_featured, anon_1.properties_is_active AS anon_1_properties_is_active, anon_1.properties_is_synthetic AS anon_1_properties_is_synthetic, anon_1.properties_image_urls AS anon_1_properties_image_urls, anon_1.properties_listed_at AS anon_1_properties_listed_at, anon_1.properties_created_at AS anon_1_properties_created_at, anon_1.properties_updated_at AS anon_1_properties_updated_at, amenities_1.id AS amenities_1_id, amenities_1.name AS amenities_1_name, amenities_1.category AS amenities_1_category, amenities_1.icon AS amenities_1_icon 
FROM (SELECT properties.id AS properties_id, properties.title AS properties_title, properties.description AS properties_description, properties.slug AS properties_slug, properties.price AS properties_price, properties.price_per_sqft AS properties_price_per_sqft, properties.maintenance_charge AS properties_maintenance_charge, properties.property_type AS properties_property_type, properties.listing_type AS properties_listing_type, properties.bedrooms AS properties_bedrooms, properties.bathrooms AS properties_bathrooms, properties.balconies AS properties_balconies, properties.area_sqft AS properties_area_sqft, properties.carpet_area_sqft AS properties_carpet_area_sqft, properties.floor AS properties_floor, properties.total_floors AS properties_total_floors, properties.property_age AS properties_property_age, properties.facing AS properties_facing, properties.furnishing AS properties_furnishing, properties.parking AS properties_parking, properties.construction_status AS properties_construction_status, properties.address AS properties_address, properties.locality AS properties_locality, properties.city AS properties_city, properties.state AS properties_state, properties.pincode AS properties_pincode, properties.latitude AS properties_latitude, properties.longitude AS properties_longitude, properties.builder_name AS properties_builder_name, properties.project_name AS properties_project_name, properties.source AS properties_source, properties.source_url AS properties_source_url, properties.source_id AS properties_source_id, properties.verification_status AS properties_verification_status, properties.is_featured AS properties_is_featured, properties.is_active AS properties_is_active, properties.is_synthetic AS properties_is_synthetic, properties.image_urls AS properties_image_urls, properties.listed_at AS properties_listed_at, properties.created_at AS properties_created_at, properties.updated_at AS properties_updated_at 
FROM properties 
WHERE properties.is_active = 1 AND properties.listing_type = ? ORDER BY properties.created_at DESC
 LIMIT ? OFFSET ?) AS anon_1 LEFT OUTER JOIN (property_amenities AS property_amenities_1 JOIN amenities AS amenities_1 ON amenities_1.id = property_amenities_1.amenity_id) ON anon_1.properties_id = property_amenities_1.property_id ORDER BY anon_1.properties_created_at DESC
2026-09-09 23:38:46,661 INFO sqlalchemy.engine.Engine [generated in 0.00086s] ('rent', 30, 0)
2026-09-09 23:38:46,663 INFO sqlalchemy.engine.Engine SELECT properties.id AS properties_id, properties.title AS properties_title, properties.description AS properties_description, properties.slug AS properties_slug, properties.price AS properties_price, properties.price_per_sqft AS properties_price_per_sqft, properties.maintenance_charge AS properties_maintenance_charge, properties.property_type AS properties_property_type, properties.listing_type AS properties_listing_type, properties.bedrooms AS properties_bedrooms, properties.bathrooms AS properties_bathrooms, properties.balconies AS properties_balconies, properties.area_sqft AS properties_area_sqft, properties.carpet_area_sqft AS properties_carpet_area_sqft, properties.floor AS properties_floor, properties.total_floors AS properties_total_floors, properties.property_age AS properties_property_age, properties.facing AS properties_facing, properties.furnishing AS properties_furnishing, properties.parking AS properties_parking, properties.construction_status AS properties_construction_status, properties.address AS properties_address, properties.locality AS properties_locality, properties.city AS properties_city, properties.state AS properties_state, properties.pincode AS properties_pincode, properties.latitude AS properties_latitude, properties.longitude AS properties_longitude, properties.builder_name AS properties_builder_name, properties.project_name AS properties_project_name, properties.source AS properties_source, properties.source_url AS properties_source_url, properties.source_id AS properties_source_id, properties.verification_status AS properties_verification_status, properties.is_featured AS properties_is_featured, properties.is_active AS properties_is_active, properties.is_synthetic AS properties_is_synthetic, properties.image_urls AS properties_image_urls, properties.listed_at AS properties_listed_at, properties.created_at AS properties_created_at, properties.updated_at AS properties_updated_at 
FROM properties 
WHERE properties.is_active = 1 AND properties.listing_type = ?
2026-09-09 23:38:46,664 INFO sqlalchemy.engine.Engine [cached since 891.7s ago] ('rent',)
2026-09-09 23:38:46,665 INFO sqlalchemy.engine.Engine SELECT conversations.id AS conversations_id, conversations.user_id AS conversations_user_id, conversations.title AS conversations_title, conversations.property_id AS conversations_property_id, conversations.created_at AS conversations_created_at, conversations.updated_at AS conversations_updated_at 
FROM conversations 
WHERE conversations.id = ?
2026-09-09 23:38:46,665 INFO sqlalchemy.engine.Engine [cached since 891.7s ago] (4,)
2026-09-09 23:38:46,666 INFO sqlalchemy.engine.Engine INSERT INTO messages (conversation_id, role, content, meta_json) VALUES (?, ?, ?, ?) RETURNING id, created_at
2026-09-09 23:38:46,666 INFO sqlalchemy.engine.Engine [cached since 891.8s ago] (4, 'assistant', "I couldn't find an exact match. Try widening the budget or relaxing one requirement.", '{"route": "search", "result_ids": []}')
2026-09-09 23:38:46,667 INFO sqlalchemy.engine.Engine COMMIT
2026-09-09 23:38:46,668 INFO sqlalchemy.engine.Engine BEGIN (implicit)
2026-09-09 23:38:46,668 INFO sqlalchemy.engine.Engine SELECT messages.id, messages.conversation_id, messages.role, messages.content, messages.meta_json, messages.created_at 
FROM messages 
WHERE messages.id = ?
2026-09-09 23:38:46,668 INFO sqlalchemy.engine.Engine [cached since 891.8s ago] (8,)
2026-09-09 23:38:46,669 INFO sqlalchemy.engine.Engine SELECT conversations.id AS conversations_id, conversations.user_id AS conversations_user_id, conversations.title AS conversations_title, conversations.property_id AS conversations_property_id, conversations.created_at AS conversations_created_at, conversations.updated_at AS conversations_updated_at 
FROM conversations 
WHERE conversations.id = ?
 LIMIT ? OFFSET ?
2026-09-09 23:38:46,669 INFO sqlalchemy.engine.Engine [cached since 891.8s ago] (4, 1, 0)
2026-09-09 23:38:46,670 INFO sqlalchemy.engine.Engine UPDATE conversations SET updated_at=CURRENT_TIMESTAMP WHERE conversations.id = ?
2026-09-09 23:38:46,671 INFO sqlalchemy.engine.Engine [cached since 891.8s ago] (4,)
2026-09-09 23:38:46,671 INFO sqlalchemy.engine.Engine COMMIT
2026-09-09 23:38:46,673 INFO sqlalchemy.engine.Engine BEGIN (implicit)
2026-09-09 23:38:46,674 INFO sqlalchemy.engine.Engine SELECT users.id AS users_id, users.email AS users_email, users.full_name AS users_full_name, users.hashed_password AS users_hashed_password, users.phone AS users_phone, users.role AS users_role, users.is_active AS users_is_active, users.is_email_verified AS users_is_email_verified, users.preferred_cities AS users_preferred_cities, users.budget_min AS users_budget_min, users.budget_max AS users_budget_max, users.created_at AS users_created_at, users.updated_at AS users_updated_at 
FROM users 
WHERE users.id = ?
2026-09-09 23:38:46,674 INFO sqlalchemy.engine.Engine [cached since 891.7s ago] (1,)
2026-09-09 23:38:46,675 INFO sqlalchemy.engine.Engine SELECT conversations.id AS conversations_id, conversations.user_id AS conversations_user_id, conversations.title AS conversations_title, conversations.property_id AS conversations_property_id, conversations.created_at AS conversations_created_at, conversations.updated_at AS conversations_updated_at 
FROM conversations 
WHERE conversations.id = ?
2026-09-09 23:38:46,676 INFO sqlalchemy.engine.Engine [cached since 891.7s ago] (4,)
2026-09-09 23:38:46,676 INFO sqlalchemy.engine.Engine INSERT INTO audit_logs (user_id, action, entity, entity_id, detail, ip_address) VALUES (?, ?, ?, ?, ?, ?) RETURNING id, created_at
2026-09-09 23:38:46,677 INFO sqlalchemy.engine.Engine [cached since 891.7s ago] (1, 'ai.message', 'conversation', 4, '{"result_count": 0}', '127.0.0.1')
2026-09-09 23:38:46,677 INFO sqlalchemy.engine.Engine COMMIT
2026-09-09 23:38:46,678 INFO sqlalchemy.engine.Engine BEGIN (implicit)
2026-09-09 23:38:46,679 INFO sqlalchemy.engine.Engine SELECT audit_logs.id, audit_logs.user_id, audit_logs.action, audit_logs.entity, audit_logs.entity_id, audit_logs.detail, audit_logs.ip_address, audit_logs.created_at 
FROM audit_logs 
WHERE audit_logs.id = ?
2026-09-09 23:38:46,679 INFO sqlalchemy.engine.Engine [cached since 891.7s ago] (4,)
2026-09-09 23:38:46,680 INFO sqlalchemy.engine.Engine SELECT conversations.id AS conversations_id, conversations.user_id AS conversations_user_id, conversations.title AS conversations_title, conversations.property_id AS conversations_property_id, conversations.created_at AS conversations_created_at, conversations.updated_at AS conversations_updated_at 
FROM conversations 
WHERE conversations.id = ?
2026-09-09 23:38:46,680 INFO sqlalchemy.engine.Engine [cached since 891.7s ago] (4,)
2026-09-09 23:38:46,681 INFO sqlalchemy.engine.Engine ROLLBACK
INFO:     127.0.0.1:55436 - "POST /api/v1/ai/assistant HTTP/1.1" 200 OK
